seqid	Comparaison	DESeq	metagenomeSeq	metacoder	sumMethods	DESeqLFC	absDESeqLFC	MeanRelAbcond1	MeanRelAbcond2	Condition	Domain	Phylum	Class	Order	Family	Genus	Species	sequence
4b9344cb7f7df3d60b7ee87b9f3fca8d	sauvage_t50_vs_mutant_t50	1	1	1	3	-13.1846083633512	13.1846083633512	2.7564155572094e-05	0.222968302428966	mutant_t50	k__Bacteria	p__Bacteroidetes	c__Bacteroidia	o__Bacteroidales	f__Bacteroidaceae	g__Bacteroides	s__Bacteroides_acidifaciens	GAGGAATATTGGTCAATGGACGAGAGTCTGAACCAGCCAAGTAGCGTGAAGGATGACTGCCCTATGGGTTGTAAACTTCTTTTATATGGGAATAAAACGTTCCACGTGTGGGATTTTGTATGTACCATATGAATAAGGATCGGCTAACTCCGTGCCAGCAGCCGCGGTAATACGGAGGATCCGAGCGTTATCCGGATTTATTGGGTTTAAAGGGAGCGTAGGTGGATTGTTAAGTCAGTTGTGAAAGTTTGCGGCTCAACCGTAAAATTGCAGTTGAAACTGGCAGTCTTGAGTACAGTAGAGGTGGGCGGAATTCGTGGTGTAGCGGTGAAATGCTTAGATATCACGAAGAACTCCGATTGCGAAGGCAGCTCACTGGACTGCAACTGACACTGAGGCTCGAAAGTGTGGGTATCAAACAGGA
296342a3e91b22f26e3751aa3181b576	sauvage_t50_vs_mutant_t50	1	1	1	3	-11.2443378538425	11.2443378538425	0	0.0123643252496209	mutant_t50	k__Bacteria	p__Actinobacteria	c__Coriobacteriia	o__Coriobacteriales	f__Atopobiaceae	g__Atopobiaceae_genus	s__Atopobiaceae_species	GGGGAATCTTGCGCAATGGGCGGAAGCCTGACGCAGCGACGCCGCGTGCGGGACGAAGGCCTTCGGGTCGTAAACCGCTTTCAGCAGGGACGAGGCCCTCACGGTGACGGTACCTGCAGAAGAAGCCCCGGCTAACTACGTGCCAGCAGCCGCGGTAATACGTAGGGGGCGAGCGTTATCCGGATTCATTGGGCGTAAAGCGCGCGTAGGCGGCCTGTTAGGTCGGGGGTCAAATACCGGGGCTCAACCCCGGTCCGCCCCCGATACCGGCAGGCTTGAGTCTGGTAGGGGAAGGCGGAATTCCCAGTGTAGCGGTGGAATGCGCAGATATTGGGAAGAACACCGGCGGCGAAGGCGGCCTTCTGGGCCACGACTGACGCTGAGGCGCGAAAGCTAGGGGAGCGAACAGGA
54cc824edef7f2b56b3a0443ab6953a8	sauvage_t50_vs_mutant_t50	1	0	1	2	-13.3118833684907	13.3118833684907	1.94394623645119e-05	0.0773176429852937	mutant_t50	k__Bacteria	p__Firmicutes	c__Clostridia	o__Clostridiales	f__Clostridiaceae	g__Clostridium	s__Clostridium_species	GGGGAATATTGCACAATGGGGGAAACCCTGATGCAGCAACGCCGCGTGAGTGATGACGGCCTTCGGGTTGTAAAGCTCTGTCTTCAGGGACGATAATGACGGTACCTGAGGAGGAAGCCACGGCTAACTACGTGCCAGCAGCCGCGGTAATACGTAGGTGGCGAGCGTTGTCCGGATTTACTGGGCGTAAAGGGAGCGTAGGCGGACTTTTAAGTGAGATGTGAAATACTCGGGCTCAACTTGAGTGCTGCATTTCAAACTGGAAGTCTAGAGTGCAGGAGAGGAGAATGGAATTCCTAGTGTAGCGGTGAAATGCGTAGAGATTAGGAAGAACACCAGTGGCGAAGGCGATTCTCTGGACTGTAACTGACGCTGAGGCTCGAAAGCGTGGGGAGCAAACAGGA
2249b597062b877e1b7170c3b4b84815	sauvage_t50_vs_mutant_t50	1	0	1	2	1.15317849190874	1.15317849190874	0.0136557070629607	0.00923073719369518	sauvage_t50	k__Bacteria	p__Firmicutes	c__Clostridia	o__Clostridiales	f__Clostridiales_vadinBB60_group	g__Clostridiales_vadinBB60_group_Genus	s__Clostridiales_vadinBB60_group_Species	GGGGAATATTGGGCAATGGAGGAAACTCTGACCCAGCAATGCCGCGTGAATGAAGAAGGTCTTCGGATTGTAAAGTTCTTTAGTTAGGGAAGAATAAAATGACGGTACCTAAAGAATAAGCCCCGGCTAACTACGTGCCAGCAGCCGCGGTAATACGTAGGGGGCAAGCGTTGTTCGGAATGACTGGGCGTAAAGGGTGCGTAGGCGGTAGTACAAGTTAGAAGTGAAATACCCAGGGCTTAACTCGGGTGCTGCTTCTAAAACTGTACGACTTGAGTGCAGTAGAGGTTAGTGGAATTCCTAGTGTAGCGGTGGAATGCGTAGATATTAGGAGGAACACCAGAGGCGAAGGCGGCTAACTGGACTGTAACTGACGCTGAGGCACGAAAGTGTGGGGAGCAAACAGGA
1a7f98473afa81b180af6085c63e5851	sauvage_t50_vs_mutant_t50	1	1	1	3	11.5429711947177	11.5429711947177	0.00765623709915543	0	sauvage_t50	k__Bacteria	p__Firmicutes	c__Bacilli	o__Lactobacillales	f__Lactobacillaceae	g__Lactobacillus	s__Lactobacillus_gasseri	AGGGAATCTTCCACAATGGACGCAAGTCTGATGGAGCAACGCCGCGTGAGTGAAGAAGGGTTTCGGCTCGTAAAGCTCTGTTGGTAGTGAAGAAAGATAGAGGTAGTAACTGGCCTTTATTTGACGGTAATTACCTAGAAAGTCACGGCTAACTACGTGCCAGCAGCCGCGGTAATACGTAGGTGGCAAGCGTTGTCCGGATTTATTGGGCGTAAAGCGAGTGCAGGCGGTTCAATAAGTCTGATGTGAAAGCCTTCGGCTCAACCGGAGAATTGCATCAGAAACTGTTGAACTTGAGTGCAGAAGAGGAGAGTGGAACTCCATGTGTAGCGGTGGAATGCGTAGATATATGGAAGAACACCAGTGGCGAAGGCGGCTCTCTGGTCTGCAACTGACGCTGAGGCTCGAAAGCATGGGTAGCGAACAGGA
1b2586fd024f9faad49d349b7657c7ed	sauvage_t50_vs_mutant_t50	1	0	1	2	3.08622652566731	3.08622652566731	0.000672214916074939	0	sauvage_t50	k__Bacteria	p__Proteobacteria	c__Gammaproteobacteria	o__Enterobacteriales	f__Enterobacteriaceae	g__Enterobacteriaceae_genus	s__Enterobacteriaceae_species	GGGGAATATTGCACAATGGGCGCAAGCCTGATGCAGCCATGCCGCGTGTGTGAAGAAGGCCTTCGGGTTGTAAAGCACTTTCAGCGGGGAGGAAGGCGGTGAGGTTAATAACCTCACCGATTGACGTTACCCGCAGAAGAAGCACCGGCTAACTCCGTGCCAGCAGCCGCGGTAATACGGAGGGTGCAAGCGTTAATCGGAATTACTGGGCGTAAAGCGCACGCAGGCGGTCTGTCAAGTCGGATGTGAAATCCCCGGGCTCAACCTGGGAACTGCATTCGAAACTGGCAGGCTAGAGTCTTGTAGAGGGGGGTAGAATTCCAGGTGTAGCGGTGAAATGCGTAGAGATCTGGAGGAATACCGGTGGCGAAGGCGGCCCCCTGGACAAAGACTGACGCTCAGGTGCGAAAGCGTGGGGAGCAAACAGGA
9b2055d9c43f7539761eb8e60bed9775	sauvage_t50_vs_mutant_t50	1	1	1	3	-6.20538170334519	6.20538170334519	0	0.000252999979328226	mutant_t50	k__Bacteria	p__Bacteria_phylum	c__Bacteria_class	o__Bacteria_order	f__Bacteria_family	g__Bacteria_genus	s__Bacteria_species	GAGGAATATTGGTCAATGGACGAGAGTCTGAACCAGCCAAGTAGCGTGAAGGATGACTGCCCTATGGGTTGTAAACTTCTTTTATATGGGAATAAAACGTTCCACGTGTGGGATTTTGTATGTACCATATGAATAAGGATCGGCTAACTCCGTGCCAGCAGCCGCGGTAATACGTAGGGGGCAAGCGTTATCCGGATTTACTGGGTGTAAAGGGAGCGTAGACGGTAATGTAAGTCTGGAGTGAAAGGCGGGGGCCCAACCCCCGGACTGCTCTGGAAACTATGTTACTGGAGTGCAGGAGAGGTAAGCGGAATTCCTAGTGTAGCGGTGAAATGCGTAGATATTAGGAGGAACACCAGTGGCGAAGGCGGCTTACTGGACTGTAACTGACGTTGAGGCTCGAAAGCGTGGGGAGCAAACAGGA
8c0f8f5ae9a48acfb96300c666eb4ccb	sauvage_t50_vs_mutant_t50	0	0	1	1	0.819804876310378	0.819804876310378	0.200335593629117	0.0871239570883985	sauvage_t50	k__Bacteria	p__Bacteroidetes	c__Bacteroidia	o__Bacteroidales	f__Porphyromonadaceae	g__Barnesiella	s__Barnesiella_intestinihominis	GAGGAATATTGGTCAATGGGAGAGATCCTGAACCAGCCAAGCCGCGTGAGGGAAGACGGCCCTATGGGTTGTAAACCTCTTTTGTCGGAGAACAAAACCCGGGACGTGTCCCGGACTGCGTGTATCCGAAGAAAAAGCATCGGCTAACTCCGTGCCAGCAGCCGCGGTAATACGGAGGATGCGAGCGTTATCCGGATTTATTGGGTTTAAAGGGTGCGTAGGCGGTCCGTTAAGTCAGCGGTAAAATTGCGGGGCTCAACCCCGTCGAGCCGTTGAAACTGGCAGACTTGAGTTGGCGAGAAGTACGCGGAATGCGCGGTGTAGCGGTGAAATGCATAGATATCGCGCAGAACTCCGATTGCGAAGGCAGCGTACCGGCGCCAGACTGACGCTGAGGCACGAAAGCGTGGGGATCGAACAGGA
6242b11a213a50cace40577d8ccd0a91	sauvage_t50_vs_mutant_t50	0	0	1	1	1.05254469458419	1.05254469458419	0.00607948710426544	0.00210616226914972	sauvage_t50	k__Bacteria	p__Deferribacteres	c__Deferribacteres	o__Deferribacterales	f__Deferribacteraceae	g__Mucispirillum	s__Mucispirillum_schaedleri	GGGGAATTTTGCGCAATGCTCGTAAGAGTGACGCAGCGACGCCGCGTGAATGACGAAGGCCTTCGGGTCGTAAAGTTCTTTCGACAGGGAAGAAAATGCCTATAAGTAACTGTGTATGTATTGACGGTACCTGTATAAGCAGCCCCGGCTAACTCCGTGCCAGCAGCCGCGGTAATACGGAGGGGGCGAGCGTTGTTCGGAGTGACTGGGCGTAAAGAGCACGTAGGCGGTGTTGTAAGTCATTAGTCAAAGACTAGAGCTCAACTTTAGTAAGGCTAGTGATACTATAATACTAGAGTATCAGAGAGGATTGCAGAATTCCTGGTGTAGCGGTGAAATGCGTAGATATCAGGAGGAATACCGTTAGCGAAGGCGGCAATCTGGCTGGAAACTGACGCTGAGGTGCGAAAGCGTGGGTAGCAAACAGGA
2b8f9fcb9ac22f54c1967728797d226b	sauvage_t0_vs_mutant_t0	1	0	0	1	2.12155699795464	2.12155699795464	0.593368173809882	0.131459212620759	sauvage_t0	k__Bacteria	p__Firmicutes	c__Clostridia	o__Clostridiales	f__Lachnospiraceae	g__Blautia	s__Blautia_coccoides	GGGGAATATTGCACAATGGGGGAAACCCTGATGCAGCGACGCCGCGTGAAGGAAGAAGTATCTCGGTATGTAAACTTCTATCAGCAGGGAAGAAAATGACGGTACCTGACTAAGAAGCCCCGGCTAACTACGTGCCAGCAGCCGCGGTAATACGTAGGGGGCAAGCGTTATCCGGATTTACTGGGTGTAAAGGGAGCGTAGACGGAAGAGCAAGTCTGATGTGAAAGGCTGGGGCTTAACCCCAGGACTGCATTGGAAACTGTTTTTCTAGAGTGCCGGAGAGGTAAGCGGAATTCCTAGTGTAGCGGTGAAATGCGTAGATATTAGGAGGAACACCAGTGGCGAAGGCGGCTTACTGGACGGTAACTGACGTTGAGGCTCGAAAGCGTGGGGAGCAAACAGGA
4b9344cb7f7df3d60b7ee87b9f3fca8d	sauvage_t0_vs_mutant_t0	1	1	0	2	-11.0577456878012	11.0577456878012	4.35062478149962e-05	0.061715419703774	mutant_t0	k__Bacteria	p__Bacteroidetes	c__Bacteroidia	o__Bacteroidales	f__Bacteroidaceae	g__Bacteroides	s__Bacteroides_acidifaciens	GAGGAATATTGGTCAATGGACGAGAGTCTGAACCAGCCAAGTAGCGTGAAGGATGACTGCCCTATGGGTTGTAAACTTCTTTTATATGGGAATAAAACGTTCCACGTGTGGGATTTTGTATGTACCATATGAATAAGGATCGGCTAACTCCGTGCCAGCAGCCGCGGTAATACGGAGGATCCGAGCGTTATCCGGATTTATTGGGTTTAAAGGGAGCGTAGGTGGATTGTTAAGTCAGTTGTGAAAGTTTGCGGCTCAACCGTAAAATTGCAGTTGAAACTGGCAGTCTTGAGTACAGTAGAGGTGGGCGGAATTCGTGGTGTAGCGGTGAAATGCTTAGATATCACGAAGAACTCCGATTGCGAAGGCAGCTCACTGGACTGCAACTGACACTGAGGCTCGAAAGTGTGGGTATCAAACAGGA
1a7f98473afa81b180af6085c63e5851	sauvage_t0_vs_mutant_t0	1	1	1	3	12.3703634762901	12.3703634762901	0.0114503802114566	0	sauvage_t0	k__Bacteria	p__Firmicutes	c__Bacilli	o__Lactobacillales	f__Lactobacillaceae	g__Lactobacillus	s__Lactobacillus_gasseri	AGGGAATCTTCCACAATGGACGCAAGTCTGATGGAGCAACGCCGCGTGAGTGAAGAAGGGTTTCGGCTCGTAAAGCTCTGTTGGTAGTGAAGAAAGATAGAGGTAGTAACTGGCCTTTATTTGACGGTAATTACCTAGAAAGTCACGGCTAACTACGTGCCAGCAGCCGCGGTAATACGTAGGTGGCAAGCGTTGTCCGGATTTATTGGGCGTAAAGCGAGTGCAGGCGGTTCAATAAGTCTGATGTGAAAGCCTTCGGCTCAACCGGAGAATTGCATCAGAAACTGTTGAACTTGAGTGCAGAAGAGGAGAGTGGAACTCCATGTGTAGCGGTGGAATGCGTAGATATATGGAAGAACACCAGTGGCGAAGGCGGCTCTCTGGTCTGCAACTGACGCTGAGGCTCGAAAGCATGGGTAGCGAACAGGA
7bb2998114eff0ccc874ab0ae8150c68	sauvage_t0_vs_mutant_t0	1	1	1	3	-6.35898300931731	6.35898300931731	0	0.0138545878663823	mutant_t0	k__unassigned	p__unassigned	c__unassigned	o__unassigned	f__unassigned	g__unassigned	s__unassigned	GAGGAATATTGGTCAATGGGCGGAAGCCTGAACCAGCCAAGTCGCGTGAGGGATTAAGGCCCTGCGGGTCGTAAACCTCTTTTGCCGGGGAGCAGTGGTCCGGACGCGTCCGGACCGGGAGAGTACCCGGAGAAAAAGCATCGGCTAACTCCGTGCCAGCAGCCGCGGTAATACGGAGGATGCGAGCGTTATCCGGATTTATTGGGTTTAAAGGGTGCGTAGGCGGGCATTTAAGCCGGCGGTCAAATGTCGGGGCTCAACCCCGGCCTGCCGTCGGAACTGGGTGCCTTGAGTGGGCGAGAAGTATGCGGAATGCGTGGTGTAGCGGTGAAATGCATAGATATCACGCAGAACCCCGATTGCGAAGGCAGCATACCGGCGCCCTACTGACGCTGAGGCACGAAAGTGCGGGTATCGAACAGGA
d53b17476b2afe1a7c7a21ca946395e9	sauvage_t0_vs_mutant_t0	1	1	1	3	-7.81144775375082	7.81144775375082	1.10503342726117e-05	0.00570582065664896	mutant_t0	k__Bacteria	p__Bacteroidetes	c__Bacteroidia	o__Bacteroidales	f__Bacteroidales_family	g__Bacteroidales_genus	s__Bacteroidales_species	GAGGAATATTGGTCAATGGGCGGAAGCCTGAACCAGCCAAGTCGCGTGAGGGATTAAGGCCCTGCGGGTCGTAAACCTCTTTTGCCGGGGAGCAGTGGTCCGGACGCGTCCGGGCCGGGAGAGTACCCGGAGAAAAAGCATCGGCTAACTCCGTGCCAGCAGCCGCGGTAATACGGAGGATGCGAGCGTTATCCGGATTTATTGGGTTTAAAGGGTGCGTAGGCGGGCATTTAAGCCGGCGGTCAAATGTCGGGGCTCAACCCCGGCCTGCCGTCGGAACTGGGTGCCTTGAGTGGGCGAGAAGTATGCGGAATGCGTGGTGTAGCGGTGAAATGCATAGATATCACGCAGAACCCCGATTGCGAAGGCAGCATACCGGCGCCCTACTGACGCTGAGGCACGAAAGTGCGGGTATCGAACAGGA
