""	"prev"	"freq"	"CB-T1"	"CB-T2"	"SB1-Sauv0"	"SB10-Mut0"	"SB11-Mut0"	"SB12-Mut0"	"SB13-Sauv50"	"SB14-Sauv50"	"SB15-Sauv50"	"SB16-Sauv50"	"SB17-Sauv50"	"SB18-Sauv50"	"SB19-Mut50"	"SB2-Sauv0"	"SB20-Mut50"	"SB21-Mut50"	"SB22-Mut50"	"SB23-Mut50"	"SB24-Mut50"	"SB3-Sauv0"	"SB4-Sauv0"	"SB5-Sauv0"	"SB6-Sauv0"	"SB7-Mut0"	"SB8-Mut0"	"SB9-Mut0"	"Domain"	"Phylum"	"Class"	"Order"	"Family"	"Genus"	"Species"
"dbf5cc13d474a02ae7d9b02e540d56c0"	NA	"1"	"0"	"0"	"0"	"0"	"0"	"0"	"0"	"0"	"0"	"0"	"0"	"0"	"0"	"0"	"0"	"0"	"0"	"0"	"0"	"0"	"0"	"0"	"0"	"1406"	"0"	"0"	"k__Bacteria"	"p__Firmicutes"	"c__Bacilli"	"o__Lactobacillales"	"f__Carnobacteriaceae"	"g__Marinilactibacillus"	"s__Marinilactibacillus_psychrotolerans"
"47aae776b8cc05bfa944cdbeeb8c972e"	NA	"1"	"0"	"0"	"0"	"0"	"0"	"0"	"0"	"0"	"0"	"0"	"0"	"0"	"0"	"0"	"1245"	"0"	"0"	"0"	"0"	"0"	"0"	"0"	"0"	"0"	"0"	"0"	"k__Bacteria"	"p__Firmicutes"	"c__Clostridia"	"o__Clostridiales"	"f__Ruminococcaceae"	"g__Anaerobacterium"	"s__Anaerobacterium_chartisolvens"
"580fa332ed5bf9ef11622d12f421c09b"	"1"	"1"	"0"	"0"	"0"	"0"	"0"	"0"	"0"	"0"	"0"	"0"	"0"	"0"	"0"	"0"	"422"	"0"	"0"	"0"	"0"	"0"	"0"	"0"	"0"	"0"	"0"	"0"	"k__Bacteria"	"p__Firmicutes"	"c__Clostridia"	"o__Clostridiales"	"f__Lachnospiraceae"	"g__Lachnospiraceae_UCG-008"	"s__Lachnospiraceae_UCG-008_Species"
"f697dddd878546b188f3d0091fe5a9ef"	NA	"1"	"0"	"0"	"0"	"0"	"0"	"0"	"0"	"0"	"0"	"0"	"0"	"0"	"177"	"0"	"0"	"0"	"0"	"0"	"0"	"0"	"0"	"0"	"0"	"0"	"0"	"0"	"k__Bacteria"	"p__Firmicutes"	"c__Bacilli"	"o__Lactobacillales"	"f__Aerococcaceae"	"g__Aerococcus"	"s__Aerococcus_species"
"dc424eec7a4f3d1ee546fd6db4b3a770"	NA	"1"	"0"	"0"	"0"	"0"	"0"	"0"	"0"	"0"	"0"	"0"	"0"	"0"	"0"	"0"	"0"	"0"	"0"	"0"	"0"	"0"	"0"	"0"	"0"	"137"	"0"	"0"	"k__Bacteria"	"p__Proteobacteria"	"c__Gammaproteobacteria"	"o__Enterobacteriales"	"f__Enterobacteriaceae"	"g__Enterobacteriaceae_genus"	"s__Enterobacteriaceae_species"
"17cd5b996f30189e032a3072078e29c6"	"1"	"1"	"0"	"0"	"0"	"0"	"0"	"0"	"0"	"0"	"0"	"0"	"0"	"0"	"106"	"0"	"0"	"0"	"0"	"0"	"0"	"0"	"0"	"0"	"0"	"0"	"0"	"0"	"k__Bacteria"	"p__Bacteroidetes"	"c__Bacteroidia"	"o__Bacteroidales"	"f__Porphyromonadaceae"	"g__Barnesiella"	"s__Barnesiella_intestinihominis"
"1dc1eb8164828db095761a8cbd823a2c"	"1"	"1"	"0"	"0"	"0"	"0"	"0"	"0"	"0"	"0"	"0"	"0"	"0"	"0"	"105"	"0"	"0"	"0"	"0"	"0"	"0"	"0"	"0"	"0"	"0"	"0"	"0"	"0"	"k__Bacteria"	"p__Firmicutes"	"c__Clostridia"	"o__Clostridiales"	"f__Lachnospiraceae"	"g__Lachnospiraceae UCG-001"	"s__Lachnospiraceae UCG-001_species"
"5ef142bb6ae2ba8318de3b151b512c1b"	NA	"1"	"0"	"0"	"0"	"0"	"0"	"0"	"0"	"0"	"0"	"0"	"0"	"0"	"0"	"77"	"0"	"0"	"0"	"0"	"0"	"0"	"0"	"0"	"0"	"0"	"0"	"0"	"k__Bacteria"	"p__Actinobacteria"	"c__Actinobacteria"	"o__Corynebacteriales"	"f__Corynebacteriaceae"	"g__Corynebacterium"	"s__Corynebacterium_bovis"
"80ecb9a44a737a0c532637d2bcff82b6"	"1"	"1"	"0"	"0"	"0"	"0"	"0"	"0"	"0"	"0"	"0"	"0"	"0"	"0"	"0"	"0"	"75"	"0"	"0"	"0"	"0"	"0"	"0"	"0"	"0"	"0"	"0"	"0"	"k__Bacteria"	"p__Bacteroidetes"	"c__Bacteroidia"	"o__Bacteroidales"	"f__Porphyromonadaceae"	"g__Barnesiella"	"s__Barnesiella_intestinihominis"
"073ac3085786b084a2c3fbc02a855053"	"1"	"1"	"0"	"0"	"0"	"0"	"0"	"0"	"0"	"0"	"0"	"0"	"0"	"0"	"0"	"0"	"0"	"0"	"0"	"0"	"0"	"0"	"0"	"0"	"40"	"0"	"0"	"0"	"k__Bacteria"	"p__Bacteria_phylum"	"c__Bacteria_class"	"o__Bacteria_order"	"f__Bacteria_family"	"g__Bacteria_genus"	"s__Bacteria_species"
"f511675b31696423bcb474f9f95888ac"	NA	"1"	"0"	"0"	"0"	"0"	"0"	"0"	"0"	"0"	"0"	"0"	"0"	"0"	"32"	"0"	"0"	"0"	"0"	"0"	"0"	"0"	"0"	"0"	"0"	"0"	"0"	"0"	"k__Bacteria"	"p__Firmicutes"	"c__Bacilli"	"o__Lactobacillales"	"f__Enterococcaceae"	"g__Enterococcus"	"s__Enterococcus_species"
"a8ebd80d74eb9af436b4d366ca1f96b2"	NA	"1"	"0"	"0"	"1"	"0"	"0"	"4"	"0"	"17"	"1"	"0"	"0"	"0"	"0"	"0"	"0"	"0"	"0"	"0"	"0"	"0"	"4"	"4"	"0"	"0"	"0"	"0"	"k__Bacteria"	"p__Firmicutes"	"c__Clostridia"	"o__Clostridiales"	"f__Ruminococcaceae"	"g__Ruminococcaceae_Genus"	"s__Ruminococcaceae_Species"
"ac60f56da071ad4dd0354cbe2769eac2"	"1"	"1"	"0"	"0"	"0"	"0"	"0"	"0"	"0"	"0"	"0"	"0"	"0"	"0"	"29"	"0"	"0"	"0"	"0"	"2"	"0"	"0"	"0"	"0"	"0"	"0"	"0"	"0"	"k__Bacteria"	"p__Firmicutes"	"c__Bacilli"	"o__Lactobacillales"	"f__Aerococcaceae"	"g__Aerococcus"	"s__Aerococcus_suis"
"0e6789aa1f6a3452ea125975ed0a7a43"	NA	"1"	"0"	"0"	"0"	"0"	"0"	"0"	"0"	"0"	"0"	"0"	"0"	"0"	"0"	"0"	"31"	"0"	"0"	"0"	"0"	"0"	"0"	"0"	"0"	"0"	"0"	"0"	"k__Bacteria"	"p__Firmicutes"	"c__Erysipelotrichia"	"o__Erysipelotrichales"	"f__Erysipelotrichaceae"	"g__Allobaculum"	"s__Allobaculum_stercoricanis"
"35322435a6f7712088d8b6c4eae00093"	"1"	"1"	"0"	"0"	"0"	"0"	"0"	"10"	"0"	"0"	"3"	"0"	"0"	"1"	"0"	"0"	"0"	"0"	"1"	"7"	"2"	"3"	"0"	"0"	"0"	"0"	"2"	"0"	"k__Bacteria"	"p__Firmicutes"	"c__Clostridia"	"o__Clostridiales"	"f__Lachnospiraceae"	"g__A2"	"s__A2_species"
"bc19e937d8b87e71d1ef6bb355107441"	NA	"1"	"0"	"0"	"0"	"0"	"0"	"0"	"2"	"0"	"0"	"0"	"0"	"2"	"0"	"0"	"21"	"0"	"0"	"0"	"0"	"0"	"0"	"0"	"0"	"0"	"4"	"0"	"k__Bacteria"	"p__Firmicutes"	"c__Erysipelotrichia"	"o__Erysipelotrichales"	"f__Erysipelotrichaceae"	"g__Turicibacter"	"s__Turicibacter_sanguinis"
"79d1d9525b49cdbd41c8d7f9cab84f67"	NA	"1"	"0"	"0"	"0"	"0"	"0"	"0"	"0"	"0"	"0"	"0"	"0"	"0"	"0"	"0"	"0"	"0"	"0"	"0"	"0"	"0"	"0"	"0"	"0"	"0"	"0"	"29"	"k__Bacteria"	"p__Firmicutes"	"c__Erysipelotrichia"	"o__Erysipelotrichales"	"f__Erysipelotrichaceae"	"g__Faecalitalea"	"s__Faecalitalea_innocuum"
"e439337cbecc47c4f56a1bf67117967c"	NA	"1"	"0"	"0"	"0"	"0"	"0"	"0"	"0"	"0"	"0"	"0"	"0"	"0"	"0"	"0"	"0"	"0"	"0"	"28"	"0"	"0"	"0"	"0"	"0"	"0"	"0"	"0"	"k__Bacteria"	"p__Firmicutes"	"c__Clostridia"	"o__Clostridiales"	"f__Ruminococcaceae"	"g__Ruminiclostridium"	"s__Ruminiclostridium_leptum"
"6ec45fcdbb196cf87f19dfbbf63585b0"	NA	"1"	"0"	"0"	"0"	"0"	"0"	"4"	"0"	"16"	"0"	"0"	"0"	"0"	"0"	"0"	"0"	"0"	"0"	"5"	"0"	"0"	"2"	"0"	"0"	"0"	"0"	"0"	"k__Bacteria"	"p__Bacteroidetes"	"c__Bacteroidia"	"o__Bacteroidales"	"f__Porphyromonadaceae"	"g__Barnesiella"	"s__Barnesiella_intestinihominis"
"f8675777ae2cb7e33fbca24b3aa56c15"	"1"	"1"	"0"	"0"	"0"	"0"	"0"	"0"	"0"	"0"	"0"	"0"	"0"	"0"	"0"	"0"	"0"	"0"	"0"	"0"	"0"	"0"	"0"	"0"	"0"	"0"	"0"	"27"	"k__Bacteria"	"p__Firmicutes"	"c__Clostridia"	"o__Clostridiales"	"f__Lachnospiraceae"	"g__Lachnospiraceae UCG-006"	"s__Lachnospiraceae UCG-006_species"
"7626cb3fd59d6161f66e94036fe72943"	NA	"1"	"0"	"0"	"0"	"0"	"0"	"0"	"0"	"0"	"0"	"0"	"0"	"0"	"0"	"0"	"25"	"0"	"0"	"0"	"0"	"0"	"0"	"0"	"0"	"0"	"0"	"0"	"k__Bacteria"	"p__Firmicutes"	"c__Bacilli"	"o__Lactobacillales"	"f__Carnobacteriaceae"	"g__Alloiococcus"	"s__Alloiococcus_species"
"56a0e397d00578142f12c67d96d1e64d"	"1"	"1"	"5"	"5"	"0"	"0"	"0"	"0"	"0"	"11"	"0"	"0"	"0"	"0"	"0"	"0"	"0"	"0"	"0"	"3"	"0"	"0"	"0"	"0"	"0"	"0"	"0"	"0"	"k__Bacteria"	"p__Firmicutes"	"c__Clostridia"	"o__Clostridiales"	"f__Lachnospiraceae"	"g__Lachnospiraceae NK4A136 group"	"s__Lachnospiraceae NK4A136 group_species"
"6dd0bc2df339006ea2b5ecafcff6308f"	NA	"1"	"0"	"0"	"5"	"0"	"0"	"5"	"0"	"0"	"0"	"0"	"0"	"0"	"0"	"4"	"0"	"0"	"0"	"0"	"0"	"0"	"0"	"0"	"0"	"10"	"0"	"0"	"k__Bacteria"	"p__Firmicutes"	"c__Bacilli"	"o__Lactobacillales"	"f__Enterococcaceae"	"g__Enterococcus"	"s__Enterococcus_faecalis"
"6227b2014f244ce214fabd5f56823423"	NA	"1"	"0"	"0"	"0"	"0"	"0"	"0"	"0"	"24"	"0"	"0"	"0"	"0"	"0"	"0"	"0"	"0"	"0"	"0"	"0"	"0"	"0"	"0"	"0"	"0"	"0"	"0"	"k__Bacteria"	"p__Firmicutes"	"c__Bacilli"	"o__Bacillales"	"f__Staphylococcaceae"	"g__Staphylococcus"	"s__Staphylococcus_species"
"e6db15a82bc2c36d284dd815441b90a1"	NA	"1"	"0"	"0"	"0"	"0"	"0"	"0"	"0"	"0"	"0"	"0"	"0"	"0"	"0"	"0"	"0"	"0"	"0"	"0"	"0"	"0"	"0"	"13"	"0"	"0"	"11"	"0"	"k__Bacteria"	"p__Proteobacteria"	"c__Betaproteobacteria"	"o__Burkholderiales"	"f__Oxalobacteraceae"	"g__Undibacterium"	"s__Undibacterium_oligocarboniphilum"
"eae842c29c296d039dad5a9c820ba034"	"1"	"1"	"0"	"0"	"0"	"0"	"0"	"0"	"0"	"0"	"0"	"0"	"0"	"0"	"23"	"0"	"0"	"0"	"0"	"0"	"0"	"0"	"0"	"0"	"0"	"0"	"0"	"0"	"k__Bacteria"	"p__Bacteroidetes"	"c__Bacteroidia"	"o__Bacteroidales"	"f__Porphyromonadaceae"	"g__Barnesiella"	"s__Barnesiella_intestinihominis"
"2e127c4643317603c1522a72a25ab663"	NA	"1"	"0"	"0"	"0"	"0"	"0"	"0"	"0"	"0"	"0"	"0"	"0"	"0"	"0"	"0"	"3"	"0"	"8"	"0"	"12"	"0"	"0"	"0"	"0"	"0"	"0"	"0"	"k__Bacteria"	"p__Proteobacteria"	"c__Gammaproteobacteria"	"o__Pseudomonadales"	"f__Pseudomonadaceae"	"g__Pseudomonas"	"s__Pseudomonas_alcaliphila"
"23f992c2679268293882c59752c4a5ef"	NA	"1"	"0"	"0"	"0"	"0"	"0"	"0"	"0"	"12"	"4"	"5"	"0"	"0"	"0"	"0"	"1"	"0"	"0"	"0"	"0"	"0"	"0"	"0"	"0"	"0"	"0"	"0"	"k__Bacteria"	"p__Firmicutes"	"c__Bacilli"	"o__Lactobacillales"	"f__Streptococcaceae"	"g__Streptococcus"	"s__Streptococcus_species"
"edbefc3173f5f9b80cac8828e0d6d03c"	NA	"1"	"0"	"0"	"0"	"0"	"0"	"0"	"0"	"0"	"0"	"0"	"0"	"0"	"0"	"0"	"0"	"5"	"0"	"17"	"0"	"0"	"0"	"0"	"0"	"0"	"0"	"0"	"k__Bacteria"	"p__Proteobacteria"	"c__Gammaproteobacteria"	"o__Pseudomonadales"	"f__Pseudomonadaceae"	"g__Pseudomonas"	"s__Pseudomonas_species"
"2f385b417a8f3c1815b2258179eb257f"	NA	"1"	"0"	"0"	"0"	"0"	"0"	"0"	"0"	"0"	"0"	"0"	"0"	"0"	"0"	"0"	"0"	"0"	"0"	"0"	"0"	"0"	"0"	"0"	"0"	"0"	"5"	"17"	"k__Bacteria"	"p__Firmicutes"	"c__Bacilli"	"o__Lactobacillales"	"f__Leuconostocaceae"	"g__Leuconostoc"	"s__Leuconostoc_mesenteroides"
"1227c63915a300ee1e5242bef26d97f9"	"1"	"1"	"0"	"0"	"0"	"0"	"0"	"0"	"0"	"0"	"0"	"0"	"0"	"0"	"0"	"0"	"0"	"0"	"0"	"0"	"20"	"0"	"0"	"0"	"0"	"0"	"0"	"0"	"k__Bacteria"	"p__Bacteroidetes"	"c__Bacteroidia"	"o__Bacteroidales"	"f__Porphyromonadaceae"	"g__Parabacteroides"	"s__Parabacteroides_distasonis"
"3c3c43b0262f7cc0d4b1202cff0e1b29"	"1"	"1"	"0"	"0"	"0"	"0"	"0"	"0"	"0"	"0"	"0"	"0"	"0"	"0"	"0"	"0"	"0"	"0"	"0"	"5"	"0"	"4"	"0"	"7"	"0"	"0"	"3"	"0"	"k__Bacteria"	"p__Proteobacteria"	"c__Betaproteobacteria"	"o__Burkholderiales"	"f__Burkholderiaceae"	"g__Ralstonia"	"s__Ralstonia_insidiosa"
"cbce3f1db3ab6ece10dcee905555a5e5"	"1"	"1"	"0"	"0"	"0"	"0"	"0"	"0"	"0"	"0"	"0"	"0"	"0"	"0"	"0"	"0"	"0"	"0"	"0"	"0"	"19"	"0"	"0"	"0"	"0"	"0"	"0"	"0"	"k__Bacteria"	"p__Bacteroidetes"	"c__Bacteroidia"	"o__Bacteroidales"	"f__Porphyromonadaceae"	"g__Barnesiella"	"s__Barnesiella_intestinihominis"
"6642cbd5fef5110ad50700b1969da107"	NA	"1"	"9"	"0"	"0"	"0"	"0"	"0"	"0"	"6"	"0"	"0"	"0"	"0"	"0"	"0"	"0"	"0"	"0"	"3"	"0"	"0"	"0"	"0"	"0"	"0"	"0"	"0"	"k__Bacteria"	"p__Firmicutes"	"c__Bacilli"	"o__Lactobacillales"	"f__Streptococcaceae"	"g__Streptococcaceae_genus"	"s__Streptococcaceae_species"
"9da66341a9a3db0a4dc4c7412e2a51e3"	"1"	"1"	"0"	"0"	"0"	"0"	"0"	"1"	"0"	"2"	"0"	"4"	"0"	"0"	"0"	"0"	"0"	"0"	"0"	"0"	"0"	"11"	"0"	"0"	"0"	"0"	"0"	"0"	"k__Bacteria"	"p__Firmicutes"	"c__Bacilli"	"o__Bacillales"	"f__Staphylococcaceae"	"g__Staphylococcus"	"s__Staphylococcus_species"
"2998ad296f516c8521f22d50eda55f5f"	"1"	"1"	"6"	"8"	"0"	"0"	"0"	"0"	"1"	"0"	"0"	"0"	"0"	"0"	"0"	"0"	"0"	"0"	"0"	"0"	"0"	"0"	"2"	"0"	"0"	"0"	"0"	"0"	"k__Bacteria"	"p__Firmicutes"	"c__Bacilli"	"o__Lactobacillales"	"f__Aerococcaceae"	"g__Aerococcus"	"s__Aerococcus_viridans"
"98b7fce0aa687fa0b2473f9d417d027b"	"1"	"1"	"0"	"17"	"0"	"0"	"0"	"0"	"0"	"0"	"0"	"0"	"0"	"0"	"0"	"0"	"0"	"0"	"0"	"0"	"0"	"0"	"0"	"0"	"0"	"0"	"0"	"0"	"k__Bacteria"	"p__Bacteroidetes"	"c__Bacteroidia"	"o__Bacteroidales"	"f__Bacteroidaceae"	"g__Bacteroides"	"s__Bacteroides_coprocola"
"260ed04a6ad8d8fb320e4803f51ee938"	NA	"1"	"0"	"0"	"0"	"0"	"0"	"3"	"0"	"0"	"0"	"0"	"0"	"0"	"0"	"2"	"0"	"0"	"1"	"0"	"0"	"0"	"5"	"5"	"0"	"0"	"1"	"0"	"k__Bacteria"	"p__Firmicutes"	"c__Clostridia"	"o__Clostridiales"	"f__Clostridiaceae"	"g__Clostridium"	"s__Clostridium_disporicum"
"afac9dc2119399ee21a5b1aee7c1bfa3"	"1"	"1"	"0"	"0"	"0"	"0"	"0"	"0"	"0"	"9"	"0"	"0"	"0"	"0"	"0"	"0"	"0"	"0"	"0"	"0"	"0"	"0"	"0"	"0"	"0"	"0"	"8"	"0"	"k__Bacteria"	"p__Firmicutes"	"c__Bacilli"	"o__Bacillales"	"f__Staphylococcaceae"	"g__Staphylococcus"	"s__Staphylococcus_species"
"1bcddf0e877c62cdf105a5db8b3ad069"	"1"	"1"	"0"	"0"	"0"	"0"	"0"	"0"	"0"	"7"	"0"	"0"	"0"	"0"	"0"	"0"	"1"	"0"	"0"	"4"	"1"	"0"	"0"	"0"	"0"	"0"	"4"	"0"	"k__Bacteria"	"p__Firmicutes"	"c__Clostridia"	"o__Clostridiales"	"f__Ruminococcaceae"	"g__Anaerotruncus"	"s__Anaerotruncus_colihominis"
"9ac3bb2c524f64bec48de4019733f195"	NA	"1"	"2"	"0"	"0"	"3"	"0"	"0"	"0"	"0"	"0"	"4"	"0"	"0"	"0"	"0"	"0"	"0"	"0"	"0"	"0"	"0"	"0"	"7"	"0"	"0"	"0"	"0"	"k__Bacteria"	"p__Firmicutes"	"c__Bacilli"	"o__Bacillales"	"f__Staphylococcaceae"	"g__Staphylococcus"	"s__Staphylococcus_species"
"6b48019498b74257b449af42f200ccb9"	"1"	"1"	"0"	"15"	"0"	"0"	"0"	"0"	"0"	"0"	"0"	"0"	"0"	"0"	"0"	"0"	"0"	"0"	"0"	"0"	"0"	"0"	"0"	"0"	"0"	"0"	"0"	"0"	"k__unassigned"	"p__unassigned"	"c__unassigned"	"o__unassigned"	"f__unassigned"	"g__unassigned"	"s__unassigned"
"bb13b3e3c1dd159e04ffb9a65fb5259f"	NA	"1"	"0"	"14"	"0"	"0"	"0"	"0"	"0"	"0"	"0"	"0"	"0"	"0"	"0"	"0"	"0"	"0"	"0"	"0"	"0"	"0"	"0"	"0"	"0"	"0"	"0"	"0"	"k__Bacteria"	"p__Firmicutes"	"c__Bacilli"	"o__Lactobacillales"	"f__Aerococcaceae"	"g__Aerococcaceae_genus"	"s__Aerococcaceae_species"
"d0d6b16f1b5aa2b2449f8e4da41018c5"	"1"	"1"	"13"	"0"	"0"	"0"	"0"	"0"	"0"	"0"	"0"	"0"	"0"	"0"	"0"	"0"	"0"	"0"	"0"	"0"	"0"	"0"	"0"	"0"	"0"	"0"	"0"	"0"	"k__Bacteria"	"p__Firmicutes"	"c__Bacilli"	"o__Bacillales"	"f__Staphylococcaceae"	"g__Staphylococcus"	"s__Staphylococcus_species"
"57ec9b535d2742803f748c4e5cab70e1"	"1"	"1"	"1"	"0"	"0"	"2"	"3"	"1"	"1"	"0"	"0"	"0"	"0"	"1"	"0"	"0"	"0"	"2"	"0"	"0"	"0"	"1"	"0"	"0"	"0"	"1"	"0"	"0"	"k__Bacteria"	"p__Bacteroidetes"	"c__Bacteroidia"	"o__Bacteroidales"	"f__Bacteroidaceae"	"g__Bacteroides"	"s__Bacteroides_species"
"523475f9fce7392e316a2feca7ed88e4"	"1"	"1"	"0"	"0"	"0"	"0"	"0"	"0"	"0"	"0"	"0"	"0"	"0"	"0"	"0"	"0"	"0"	"0"	"0"	"0"	"0"	"0"	"0"	"0"	"0"	"0"	"13"	"0"	"k__Bacteria"	"p__Firmicutes"	"c__Erysipelotrichia"	"o__Erysipelotrichales"	"f__Erysipelotrichaceae"	"g__Turicibacter"	"s__Turicibacter_sanguinis"
"c8702bd1127f03035b6189bf8ee0cda0"	NA	"1"	"12"	"0"	"0"	"0"	"0"	"0"	"0"	"0"	"0"	"0"	"0"	"0"	"0"	"0"	"0"	"0"	"0"	"0"	"0"	"0"	"0"	"0"	"0"	"0"	"0"	"0"	"k__Bacteria"	"p__Firmicutes"	"c__Bacilli"	"o__Bacillales"	"f__Staphylococcaceae"	"g__Jeotgalicoccus"	"s__Jeotgalicoccus_species"
"055c3b7b5fe846570b2be8e8c27bbddd"	"1"	"1"	"0"	"0"	"0"	"0"	"0"	"0"	"0"	"12"	"0"	"0"	"0"	"0"	"0"	"0"	"0"	"0"	"0"	"0"	"0"	"0"	"0"	"0"	"0"	"0"	"0"	"0"	"k__Bacteria"	"p__Bacteroidetes"	"c__Bacteroidia"	"o__Bacteroidales"	"f__Porphyromonadaceae"	"g__Barnesiella"	"s__Barnesiella_intestinihominis"
"2d7740db53cf97a0fc1d77cd14972449"	"1"	"1"	"0"	"0"	"0"	"0"	"0"	"0"	"0"	"11"	"0"	"0"	"0"	"1"	"0"	"0"	"0"	"0"	"0"	"0"	"0"	"0"	"0"	"0"	"0"	"0"	"0"	"0"	"k__Bacteria"	"p__Firmicutes"	"c__Clostridia"	"o__Clostridiales"	"f__Ruminococcaceae"	"g__Anaerobacterium"	"s__Anaerobacterium_chartisolvens"
"ac5fe9d9d4f35fda3a670cdfcb34d33f"	"1"	"1"	"0"	"0"	"0"	"0"	"0"	"0"	"0"	"0"	"0"	"0"	"0"	"0"	"0"	"0"	"12"	"0"	"0"	"0"	"0"	"0"	"0"	"0"	"0"	"0"	"0"	"0"	"k__Bacteria"	"p__Bacteroidetes"	"c__Bacteroidia"	"o__Bacteroidales"	"f__Porphyromonadaceae"	"g__Barnesiella"	"s__Barnesiella_intestinihominis"
"79b698006572abfca5332c5777db0355"	"1"	"1"	"0"	"0"	"0"	"0"	"0"	"0"	"0"	"0"	"0"	"0"	"0"	"0"	"0"	"0"	"11"	"0"	"0"	"0"	"0"	"0"	"0"	"0"	"0"	"0"	"0"	"0"	"k__Bacteria"	"p__Proteobacteria"	"c__Gammaproteobacteria"	"o__Enterobacteriales"	"f__Enterobacteriaceae"	"g__Enterobacteriaceae_genus"	"s__Enterobacteriaceae_species"
"cd549c1c9cb872140ce3dd31e890773c"	"1"	"1"	"0"	"0"	"0"	"0"	"0"	"0"	"0"	"0"	"0"	"0"	"0"	"0"	"0"	"0"	"0"	"0"	"0"	"0"	"1"	"0"	"0"	"1"	"0"	"3"	"6"	"0"	"k__Bacteria"	"p__Proteobacteria"	"c__Gammaproteobacteria"	"o__Gammaproteobacteria_order"	"f__Gammaproteobacteria_family"	"g__Gammaproteobacteria_genus"	"s__Gammaproteobacteria_species"
"b1ba8d13921350d4fafb678043478ae7"	"1"	"1"	"0"	"10"	"0"	"0"	"0"	"0"	"0"	"0"	"0"	"0"	"0"	"0"	"0"	"0"	"0"	"0"	"0"	"0"	"0"	"0"	"0"	"0"	"0"	"0"	"0"	"0"	"k__Bacteria"	"p__Proteobacteria"	"c__Gammaproteobacteria"	"o__Pseudomonadales"	"f__Moraxellaceae"	"g__Acinetobacter"	"s__Acinetobacter_lwoffii"
"2dab508f856097958347a8fc87ea6a69"	"1"	"1"	"0"	"0"	"0"	"0"	"0"	"1"	"0"	"0"	"2"	"0"	"0"	"0"	"0"	"0"	"1"	"0"	"0"	"0"	"0"	"0"	"0"	"6"	"0"	"0"	"0"	"0"	"k__Bacteria"	"p__Proteobacteria"	"c__Deltaproteobacteria"	"o__Desulfovibrionales"	"f__Desulfovibrionaceae"	"g__Bilophila"	"s__Bilophila_wadsworthia"
"56deff739fb6bfbc421cccbba6170ad6"	NA	"1"	"9"	"0"	"0"	"0"	"0"	"0"	"0"	"0"	"0"	"0"	"0"	"0"	"0"	"0"	"0"	"0"	"0"	"0"	"0"	"0"	"0"	"0"	"0"	"0"	"0"	"0"	"k__Bacteria"	"p__Firmicutes"	"c__Erysipelotrichia"	"o__Erysipelotrichales"	"f__Erysipelotrichaceae"	"g__Turicibacter"	"s__Turicibacter_sanguinis"
"791823b9b2fa99e76ed990060a64e82f"	NA	"1"	"0"	"9"	"0"	"0"	"0"	"0"	"0"	"0"	"0"	"0"	"0"	"0"	"0"	"0"	"0"	"0"	"0"	"0"	"0"	"0"	"0"	"0"	"0"	"0"	"0"	"0"	"k__Bacteria"	"p__Firmicutes"	"c__Bacilli"	"o__Lactobacillales"	"f__Streptococcaceae"	"g__Streptococcus"	"s__Streptococcus_species"
"12110ff40d24d63352466822b6d02994"	"1"	"1"	"0"	"0"	"0"	"0"	"0"	"0"	"0"	"0"	"0"	"0"	"0"	"0"	"0"	"0"	"0"	"0"	"0"	"9"	"0"	"0"	"0"	"0"	"0"	"0"	"0"	"0"	"k__Bacteria"	"p__Firmicutes"	"c__Bacilli"	"o__Lactobacillales"	"f__Aerococcaceae"	"g__Facklamia"	"s__Facklamia_tabacinasalis"
"44942c79ba4bea25e41cfd745e296676"	"1"	"1"	"0"	"0"	"0"	"0"	"0"	"0"	"0"	"0"	"0"	"0"	"0"	"0"	"0"	"0"	"0"	"0"	"0"	"0"	"0"	"0"	"2"	"0"	"0"	"1"	"6"	"0"	"k__Bacteria"	"p__Firmicutes"	"c__Bacilli"	"o__Lactobacillales"	"f__Leuconostocaceae"	"g__Leuconostoc"	"s__Leuconostoc_mesenteroides"
"57a15fca09222c33f97b64e500c3c827"	"1"	"1"	"0"	"0"	"0"	"0"	"0"	"0"	"0"	"0"	"0"	"0"	"0"	"0"	"0"	"0"	"0"	"0"	"0"	"0"	"0"	"0"	"0"	"0"	"0"	"0"	"0"	"9"	"k__Bacteria"	"p__Firmicutes"	"c__Bacilli"	"o__Lactobacillales"	"f__Lactobacillales_family"	"g__Lactobacillales_genus"	"s__Lactobacillales_species"
"196188debd441c002ae021cece46b5b8"	"1"	"1"	"8"	"0"	"0"	"0"	"0"	"0"	"0"	"0"	"0"	"0"	"0"	"0"	"0"	"0"	"0"	"0"	"0"	"0"	"0"	"0"	"0"	"0"	"0"	"0"	"0"	"0"	"k__Bacteria"	"p__Firmicutes"	"c__Bacilli"	"o__Lactobacillales"	"f__Leuconostocaceae"	"g__Leuconostoc"	"s__Leuconostoc_mesenteroides"
"e99958f1b7e3a6b505a7d5dbaf577590"	"1"	"1"	"0"	"0"	"8"	"0"	"0"	"0"	"0"	"0"	"0"	"0"	"0"	"0"	"0"	"0"	"0"	"0"	"0"	"0"	"0"	"0"	"0"	"0"	"0"	"0"	"0"	"0"	"k__Bacteria"	"p__Firmicutes"	"c__Bacilli"	"o__Bacillales"	"f__Staphylococcaceae"	"g__Staphylococcus"	"s__Staphylococcus_species"
"6c8c0c2310573ae7c8916ee5512857e9"	"1"	"1"	"0"	"0"	"0"	"0"	"0"	"8"	"0"	"0"	"0"	"0"	"0"	"0"	"0"	"0"	"0"	"0"	"0"	"0"	"0"	"0"	"0"	"0"	"0"	"0"	"0"	"0"	"k__Bacteria"	"p__Bacteroidetes"	"c__Bacteroidia"	"o__Bacteroidales"	"f__Bacteroidaceae"	"g__Bacteroides"	"s__Bacteroides_species"
"0a6be9deedcb0f8330fd1280c76a65ce"	"1"	"1"	"0"	"0"	"0"	"0"	"0"	"0"	"0"	"8"	"0"	"0"	"0"	"0"	"0"	"0"	"0"	"0"	"0"	"0"	"0"	"0"	"0"	"0"	"0"	"0"	"0"	"0"	"k__Bacteria"	"p__Actinobacteria"	"c__Actinobacteria"	"o__Corynebacteriales"	"f__Corynebacteriaceae"	"g__Corynebacterium"	"s__Corynebacterium_species"
"5d89fd65a26ade5828b4b3fe66d6642c"	"1"	"1"	"0"	"0"	"0"	"0"	"0"	"0"	"0"	"8"	"0"	"0"	"0"	"0"	"0"	"0"	"0"	"0"	"0"	"0"	"0"	"0"	"0"	"0"	"0"	"0"	"0"	"0"	"k__Bacteria"	"p__Firmicutes"	"c__Bacilli"	"o__Lactobacillales"	"f__Lactobacillales_family"	"g__Lactobacillales_genus"	"s__Lactobacillales_species"
"2d711873254cf9212d36b48150030c42"	"1"	"1"	"0"	"0"	"0"	"0"	"0"	"0"	"0"	"8"	"0"	"0"	"0"	"0"	"0"	"0"	"0"	"0"	"0"	"0"	"0"	"0"	"0"	"0"	"0"	"0"	"0"	"0"	"k__Bacteria"	"p__Proteobacteria"	"c__Gammaproteobacteria"	"o__Pseudomonadales"	"f__Moraxellaceae"	"g__Acinetobacter"	"s__Acinetobacter_lwoffii"
"d54247accc00e4bebe1438387d3d98bf"	"1"	"1"	"0"	"0"	"0"	"0"	"0"	"0"	"0"	"0"	"0"	"0"	"0"	"0"	"0"	"0"	"2"	"0"	"0"	"0"	"3"	"2"	"0"	"0"	"1"	"0"	"0"	"0"	"k__Bacteria"	"p__Firmicutes"	"c__Clostridia"	"o__Clostridiales"	"f__Lachnospiraceae"	"g__Lachnospiraceae_genus"	"s__Lachnospiraceae_species"
"98bd3765c74107d7fd2ce0f0bf57a547"	"1"	"1"	"0"	"0"	"0"	"0"	"0"	"1"	"0"	"0"	"1"	"0"	"0"	"2"	"0"	"0"	"0"	"0"	"0"	"0"	"0"	"2"	"1"	"0"	"0"	"0"	"0"	"0"	"k__Bacteria"	"p__Bacteroidetes"	"c__Bacteroidia"	"o__Sphingobacteriales"	"f__env.OPS 17"	"g__env.OPS 17_genus"	"s__env.OPS 17_species"
"0635c858f88a9f06e005500244c74773"	"1"	"1"	"0"	"0"	"0"	"0"	"0"	"0"	"0"	"7"	"0"	"0"	"0"	"0"	"0"	"0"	"0"	"0"	"0"	"0"	"0"	"0"	"0"	"0"	"0"	"0"	"0"	"0"	"k__Bacteria"	"p__Firmicutes"	"c__Bacilli"	"o__Lactobacillales"	"f__Carnobacteriaceae"	"g__Carnobacteriaceae_genus"	"s__Carnobacteriaceae_species"
"f9a7df13d8bcf78d4e6c519ccc4a14bd"	"1"	"1"	"0"	"0"	"0"	"0"	"0"	"0"	"0"	"7"	"0"	"0"	"0"	"0"	"0"	"0"	"0"	"0"	"0"	"0"	"0"	"0"	"0"	"0"	"0"	"0"	"0"	"0"	"k__Bacteria"	"p__Firmicutes"	"c__Bacilli"	"o__Lactobacillales"	"f__Aerococcaceae"	"g__Aerococcus"	"s__Aerococcus_viridans"
"f5d23620348f3d99e834f6207b812c5c"	"1"	"1"	"0"	"0"	"0"	"0"	"0"	"0"	"0"	"7"	"0"	"0"	"0"	"0"	"0"	"0"	"0"	"0"	"0"	"0"	"0"	"0"	"0"	"0"	"0"	"0"	"0"	"0"	"k__Bacteria"	"p__Firmicutes"	"c__Erysipelotrichia"	"o__Erysipelotrichales"	"f__Erysipelotrichaceae"	"g__Turicibacter"	"s__Turicibacter_sanguinis"
"c0ff3776d3b696ebee776b392c7250d5"	"1"	"1"	"0"	"0"	"0"	"0"	"0"	"0"	"0"	"7"	"0"	"0"	"0"	"0"	"0"	"0"	"0"	"0"	"0"	"0"	"0"	"0"	"0"	"0"	"0"	"0"	"0"	"0"	"k__Bacteria"	"p__Firmicutes"	"c__Clostridia"	"o__Clostridiales"	"f__Eubacteriaceae"	"g__Eubacterium"	"s__Eubacterium_brachy"
"5c5fccb3cb111d37cbd4e788f040156b"	"1"	"1"	"0"	"0"	"0"	"0"	"0"	"0"	"0"	"0"	"0"	"0"	"0"	"0"	"0"	"0"	"7"	"0"	"0"	"0"	"0"	"0"	"0"	"0"	"0"	"0"	"0"	"0"	"k__Bacteria"	"p__Firmicutes"	"c__Bacilli"	"o__Lactobacillales"	"f__Aerococcaceae"	"g__Facklamia"	"s__Facklamia_Species"
"3a969183e54077ee736d33ccd425b21c"	"1"	"1"	"0"	"0"	"0"	"0"	"0"	"0"	"0"	"0"	"0"	"0"	"0"	"0"	"0"	"0"	"0"	"0"	"0"	"7"	"0"	"0"	"0"	"0"	"0"	"0"	"0"	"0"	"k__Bacteria"	"p__Proteobacteria"	"c__Gammaproteobacteria"	"o__Pseudomonadales"	"f__Pseudomonadales_family"	"g__Pseudomonadales_genus"	"s__Pseudomonadales_species"
"caca6e23180f86dfcdb4a49a9818e889"	"1"	"1"	"0"	"0"	"0"	"0"	"0"	"0"	"0"	"0"	"0"	"0"	"0"	"0"	"0"	"0"	"0"	"0"	"0"	"0"	"0"	"0"	"0"	"7"	"0"	"0"	"0"	"0"	"k__Bacteria"	"p__Firmicutes"	"c__Clostridia"	"o__Clostridiales"	"f__Peptostreptococcaceae"	"g__Peptostreptococcaceae_genus"	"s__Peptostreptococcaceae_species"
"4dfff5d99ce91ca6eed90b2dcc2f1ed6"	"1"	"1"	"0"	"0"	"0"	"0"	"0"	"0"	"0"	"0"	"0"	"0"	"0"	"0"	"0"	"0"	"0"	"0"	"0"	"0"	"0"	"0"	"0"	"0"	"0"	"0"	"7"	"0"	"k__Bacteria"	"p__Firmicutes"	"c__Bacilli"	"o__Bacillales"	"f__Staphylococcaceae"	"g__Staphylococcus"	"s__Staphylococcus_species"
"ed4710abda857d8a4d6002a258464637"	"1"	"1"	"0"	"0"	"0"	"0"	"0"	"0"	"0"	"0"	"0"	"0"	"0"	"0"	"0"	"0"	"0"	"0"	"0"	"0"	"0"	"0"	"0"	"0"	"0"	"0"	"7"	"0"	"k__Bacteria"	"p__Firmicutes"	"c__Bacilli"	"o__Bacillales"	"f__Staphylococcaceae"	"g__Jeotgalicoccus"	"s__Jeotgalicoccus_halotolerans"
"b16f37333b815a4685dfb71b88488ead"	"1"	"1"	"0"	"6"	"0"	"0"	"0"	"0"	"0"	"0"	"0"	"0"	"0"	"0"	"0"	"0"	"0"	"0"	"0"	"0"	"0"	"0"	"0"	"0"	"0"	"0"	"0"	"0"	"k__Bacteria"	"p__Firmicutes"	"c__Clostridia"	"o__Clostridiales"	"f__Lachnospiraceae"	"g__Lachnospiraceae_genus"	"s__Lachnospiraceae_species"
"4e0fed327c90e8a093ea4ddfd84fd378"	"1"	"1"	"0"	"6"	"0"	"0"	"0"	"0"	"0"	"0"	"0"	"0"	"0"	"0"	"0"	"0"	"0"	"0"	"0"	"0"	"0"	"0"	"0"	"0"	"0"	"0"	"0"	"0"	"k__Bacteria"	"p__Firmicutes"	"c__Clostridia"	"o__Clostridiales"	"f__Lachnospiraceae"	"g__Lachnospiraceae_genus"	"s__Lachnospiraceae_species"
"18b7090f2e7fe1fe93e1419dea220c83"	"1"	"1"	"0"	"0"	"0"	"0"	"0"	"6"	"0"	"0"	"0"	"0"	"0"	"0"	"0"	"0"	"0"	"0"	"0"	"0"	"0"	"0"	"0"	"0"	"0"	"0"	"0"	"0"	"k__Bacteria"	"p__Firmicutes"	"c__Bacilli"	"o__Lactobacillales"	"f__Aerococcaceae"	"g__Facklamia"	"s__Facklamia_tabacinasalis"
"9497e405e1c0434ba8f357ff9063f7b4"	"1"	"1"	"0"	"0"	"0"	"0"	"0"	"6"	"0"	"0"	"0"	"0"	"0"	"0"	"0"	"0"	"0"	"0"	"0"	"0"	"0"	"0"	"0"	"0"	"0"	"0"	"0"	"0"	"k__Bacteria"	"p__Firmicutes"	"c__Firmicutes_class"	"o__Firmicutes_order"	"f__Firmicutes_family"	"g__Firmicutes_genus"	"s__Firmicutes_species"
"a6bc40f6c3d1e34b4f0afe9fb6018409"	"1"	"1"	"0"	"0"	"0"	"0"	"0"	"6"	"0"	"0"	"0"	"0"	"0"	"0"	"0"	"0"	"0"	"0"	"0"	"0"	"0"	"0"	"0"	"0"	"0"	"0"	"0"	"0"	"k__Bacteria"	"p__Proteobacteria"	"c__Gammaproteobacteria"	"o__Enterobacteriales"	"f__Enterobacteriaceae"	"g__Hafnia-Obesumbacterium"	"s__Hafnia-Obesumbacterium_species"
"3815318a48c0bb3c800c0c5f41864ae5"	"1"	"1"	"0"	"0"	"0"	"0"	"0"	"0"	"0"	"6"	"0"	"0"	"0"	"0"	"0"	"0"	"0"	"0"	"0"	"0"	"0"	"0"	"0"	"0"	"0"	"0"	"0"	"0"	"k__Bacteria"	"p__Bacteroidetes"	"c__Bacteroidia"	"o__Bacteroidales"	"f__Porphyromonadaceae"	"g__Barnesiella"	"s__Barnesiella_intestinihominis"
"0ca22ad352e4babb9484ff924e34b891"	"1"	"1"	"0"	"0"	"0"	"0"	"0"	"0"	"0"	"6"	"0"	"0"	"0"	"0"	"0"	"0"	"0"	"0"	"0"	"0"	"0"	"0"	"0"	"0"	"0"	"0"	"0"	"0"	"k__Bacteria"	"p__Firmicutes"	"c__Bacilli"	"o__Lactobacillales"	"f__Aerococcaceae"	"g__Facklamia"	"s__Facklamia_Species"
"4bcf61f803bfa1e6458df3212138fdcc"	"1"	"1"	"0"	"0"	"0"	"0"	"0"	"0"	"0"	"6"	"0"	"0"	"0"	"0"	"0"	"0"	"0"	"0"	"0"	"0"	"0"	"0"	"0"	"0"	"0"	"0"	"0"	"0"	"k__Bacteria"	"p__Firmicutes"	"c__Clostridia"	"o__Clostridiales"	"f__Ruminococcaceae"	"g__Anaerobacterium"	"s__Anaerobacterium_chartisolvens"
"7f314861e23766db03af2c4d5c667575"	"1"	"1"	"0"	"0"	"0"	"0"	"0"	"0"	"0"	"6"	"0"	"0"	"0"	"0"	"0"	"0"	"0"	"0"	"0"	"0"	"0"	"0"	"0"	"0"	"0"	"0"	"0"	"0"	"k__Bacteria"	"p__Proteobacteria"	"c__Gammaproteobacteria"	"o__Pseudomonadales"	"f__Pseudomonadaceae"	"g__Pseudomonas"	"s__Pseudomonas_species"
"a25965d5a0d5fbef8089b3827eebb0c0"	"1"	"1"	"0"	"0"	"0"	"0"	"0"	"0"	"0"	"0"	"0"	"0"	"0"	"0"	"0"	"0"	"6"	"0"	"0"	"0"	"0"	"0"	"0"	"0"	"0"	"0"	"0"	"0"	"k__Bacteria"	"p__Bacteroidetes"	"c__Bacteroidia"	"o__Bacteroidales"	"f__Porphyromonadaceae"	"g__Barnesiella"	"s__Barnesiella_intestinihominis"
"72ba4ed05246d87d4f9736f90f99fdaa"	"1"	"1"	"0"	"0"	"0"	"0"	"0"	"0"	"0"	"0"	"0"	"0"	"0"	"0"	"0"	"0"	"6"	"0"	"0"	"0"	"0"	"0"	"0"	"0"	"0"	"0"	"0"	"0"	"k__Bacteria"	"p__Bacteroidetes"	"c__Bacteroidia"	"o__Bacteroidales"	"f__Porphyromonadaceae"	"g__Barnesiella"	"s__Barnesiella_intestinihominis"
"e4168c5ae8f8ad93d747cb083b675633"	"1"	"1"	"0"	"0"	"0"	"0"	"0"	"0"	"0"	"0"	"0"	"0"	"0"	"0"	"0"	"0"	"6"	"0"	"0"	"0"	"0"	"0"	"0"	"0"	"0"	"0"	"0"	"0"	"k__Bacteria"	"p__Firmicutes"	"c__Bacilli"	"o__Lactobacillales"	"f__Lactobacillaceae"	"g__Lactobacillus"	"s__Lactobacillus_species"
"341b4ca864c5a8f1de0021f1922b38d9"	NA	"1"	"0"	"0"	"0"	"0"	"0"	"0"	"0"	"0"	"0"	"0"	"0"	"0"	"0"	"0"	"0"	"0"	"6"	"0"	"0"	"0"	"0"	"0"	"0"	"0"	"0"	"0"	"k__Bacteria"	"p__Actinobacteria"	"c__Coriobacteriia"	"o__Coriobacteriales"	"f__Coriobacteriaceae"	"g__Coriobacteriaceae_genus"	"s__Coriobacteriaceae_species"
"41715d1cfc0ac961df3f4fb3b8b5f170"	"1"	"1"	"0"	"0"	"0"	"0"	"0"	"0"	"0"	"0"	"0"	"0"	"0"	"0"	"0"	"0"	"0"	"0"	"0"	"6"	"0"	"0"	"0"	"0"	"0"	"0"	"0"	"0"	"k__Bacteria"	"p__Firmicutes"	"c__Bacilli"	"o__Bacillales"	"f__Bacillaceae"	"g__Bacillus"	"s__Bacillus_aryabhattai"
"bb88c3d5d48cbb1ffa7f286d4d3ac5e5"	"1"	"1"	"0"	"0"	"0"	"0"	"0"	"0"	"0"	"0"	"0"	"0"	"0"	"0"	"0"	"0"	"0"	"0"	"0"	"0"	"6"	"0"	"0"	"0"	"0"	"0"	"0"	"0"	"k__Bacteria"	"p__Bacteroidetes"	"c__Bacteroidia"	"o__Bacteroidales"	"f__Porphyromonadaceae"	"g__Barnesiella"	"s__Barnesiella_species"
"757f7cffbb62494583259cb521c77406"	"1"	"1"	"0"	"0"	"0"	"0"	"0"	"0"	"0"	"0"	"0"	"0"	"0"	"0"	"0"	"0"	"0"	"0"	"0"	"0"	"6"	"0"	"0"	"0"	"0"	"0"	"0"	"0"	"k__Bacteria"	"p__Bacteroidetes"	"c__Bacteroidia"	"o__Bacteroidales"	"f__Porphyromonadaceae"	"g__Barnesiella"	"s__Barnesiella_intestinihominis"
"d93cf3c79bede356469b7e1340711c00"	"1"	"1"	"0"	"0"	"0"	"0"	"0"	"0"	"0"	"0"	"0"	"0"	"0"	"0"	"0"	"0"	"0"	"0"	"0"	"0"	"0"	"0"	"0"	"0"	"0"	"6"	"0"	"0"	"k__Bacteria"	"p__Bacteroidetes"	"c__Bacteroidia"	"o__Bacteroidales"	"f__Porphyromonadaceae"	"g__Barnesiella"	"s__Barnesiella_intestinihominis"
"b5c43e06a988667bf8e954651451496b"	"1"	"1"	"0"	"0"	"0"	"0"	"0"	"0"	"0"	"0"	"0"	"0"	"0"	"0"	"0"	"0"	"0"	"0"	"0"	"0"	"0"	"0"	"0"	"0"	"0"	"0"	"6"	"0"	"k__Bacteria"	"p__Firmicutes"	"c__Bacilli"	"o__Lactobacillales"	"f__Carnobacteriaceae"	"g__Marinilactibacillus"	"s__Marinilactibacillus_psychrotolerans"
"551e1db6c5621dec2764520b43c7eaa9"	"1"	"1"	"0"	"0"	"0"	"0"	"0"	"0"	"0"	"0"	"0"	"0"	"0"	"0"	"0"	"0"	"0"	"0"	"0"	"0"	"0"	"0"	"0"	"0"	"0"	"0"	"6"	"0"	"k__Bacteria"	"p__Proteobacteria"	"c__Gammaproteobacteria"	"o__Enterobacteriales"	"f__Enterobacteriaceae"	"g__Serratia"	"s__Serratia_species"
"e742683b47a8dec3dba52788adcc32f5"	"1"	"1"	"0"	"0"	"0"	"0"	"0"	"0"	"0"	"0"	"0"	"0"	"0"	"0"	"0"	"0"	"0"	"0"	"0"	"0"	"0"	"0"	"0"	"0"	"0"	"0"	"6"	"0"	"k__Bacteria"	"p__Firmicutes"	"c__Bacilli"	"o__Bacillales"	"f__Bacillales_family"	"g__Bacillales_genus"	"s__Bacillales_species"
"74c57ef0a051a9f373262a4332ce1a99"	"1"	"1"	"0"	"0"	"0"	"0"	"0"	"0"	"0"	"0"	"0"	"0"	"0"	"0"	"0"	"0"	"0"	"0"	"0"	"0"	"0"	"0"	"0"	"0"	"0"	"0"	"6"	"0"	"k__Bacteria"	"p__Firmicutes"	"c__Bacilli"	"o__Lactobacillales"	"f__Aerococcaceae"	"g__Aerococcus"	"s__Aerococcus_viridans"
"b83ac91c6fb2c804aba34403bf4b6772"	"1"	"1"	"5"	"0"	"0"	"0"	"0"	"0"	"0"	"0"	"0"	"0"	"0"	"0"	"0"	"0"	"0"	"0"	"0"	"0"	"0"	"0"	"0"	"0"	"0"	"0"	"0"	"0"	"k__Bacteria"	"p__Firmicutes"	"c__Clostridia"	"o__Clostridiales"	"f__Ruminococcaceae"	"g__Sporobacter"	"s__Sporobacter_species"
"5a4cac5fa0bd53ca9330d54eaca81368"	"1"	"1"	"5"	"0"	"0"	"0"	"0"	"0"	"0"	"0"	"0"	"0"	"0"	"0"	"0"	"0"	"0"	"0"	"0"	"0"	"0"	"0"	"0"	"0"	"0"	"0"	"0"	"0"	"k__Bacteria"	"p__Bacteroidetes"	"c__Bacteroidia"	"o__Bacteroidales"	"f__Porphyromonadaceae"	"g__Paludibacter"	"s__Paludibacter_propionicigenes"
"012986262a3c9e9265017561fe85e212"	"1"	"1"	"2"	"3"	"0"	"0"	"0"	"0"	"0"	"0"	"0"	"0"	"0"	"0"	"0"	"0"	"0"	"0"	"0"	"0"	"0"	"0"	"0"	"0"	"0"	"0"	"0"	"0"	"k__Bacteria"	"p__Proteobacteria"	"c__Gammaproteobacteria"	"o__Pseudomonadales"	"f__Pseudomonadaceae"	"g__Pseudomonas"	"s__Pseudomonas_species"
"38310219685e803e1a61a85fe21216c5"	"1"	"1"	"0"	"5"	"0"	"0"	"0"	"0"	"0"	"0"	"0"	"0"	"0"	"0"	"0"	"0"	"0"	"0"	"0"	"0"	"0"	"0"	"0"	"0"	"0"	"0"	"0"	"0"	"k__Bacteria"	"p__Proteobacteria"	"c__Gammaproteobacteria"	"o__Enterobacteriales"	"f__Enterobacteriaceae"	"g__Enterobacteriaceae_genus"	"s__Enterobacteriaceae_species"
"7734ba479f75cc52ff4158c729250df1"	"1"	"1"	"0"	"0"	"5"	"0"	"0"	"0"	"0"	"0"	"0"	"0"	"0"	"0"	"0"	"0"	"0"	"0"	"0"	"0"	"0"	"0"	"0"	"0"	"0"	"0"	"0"	"0"	"k__Bacteria"	"p__Firmicutes"	"c__Bacilli"	"o__Lactobacillales"	"f__Streptococcaceae"	"g__Streptococcus"	"s__Streptococcus_species"
"735770d66ecb4fb32b181ae9406b4bef"	NA	"1"	"0"	"0"	"5"	"0"	"0"	"0"	"0"	"0"	"0"	"0"	"0"	"0"	"0"	"0"	"0"	"0"	"0"	"0"	"0"	"0"	"0"	"0"	"0"	"0"	"0"	"0"	"k__Bacteria"	"p__Firmicutes"	"c__Bacilli"	"o__Bacillales"	"f__Staphylococcaceae"	"g__Staphylococcus"	"s__Staphylococcus_species"
"68fbfca7f7c44de2264ff2f69a195cea"	"1"	"1"	"0"	"0"	"0"	"0"	"5"	"0"	"0"	"0"	"0"	"0"	"0"	"0"	"0"	"0"	"0"	"0"	"0"	"0"	"0"	"0"	"0"	"0"	"0"	"0"	"0"	"0"	"k__Bacteria"	"p__Firmicutes"	"c__Clostridia"	"o__Clostridiales"	"f__Lachnospiraceae"	"g__Lachnospiraceae_genus"	"s__Lachnospiraceae_species"
"07df3027f24af394efe7113cb8c1f5c5"	"1"	"1"	"0"	"0"	"0"	"0"	"0"	"5"	"0"	"0"	"0"	"0"	"0"	"0"	"0"	"0"	"0"	"0"	"0"	"0"	"0"	"0"	"0"	"0"	"0"	"0"	"0"	"0"	"k__Bacteria"	"p__Bacteria_phylum"	"c__Bacteria_class"	"o__Bacteria_order"	"f__Bacteria_family"	"g__Bacteria_genus"	"s__Bacteria_species"
"e741cf35a2437e719594f1318fdcee50"	"1"	"1"	"0"	"0"	"0"	"0"	"0"	"5"	"0"	"0"	"0"	"0"	"0"	"0"	"0"	"0"	"0"	"0"	"0"	"0"	"0"	"0"	"0"	"0"	"0"	"0"	"0"	"0"	"k__Bacteria"	"p__Firmicutes"	"c__Clostridia"	"o__Clostridiales"	"f__Ruminococcaceae"	"g__Ruminococcaceae_genus"	"s__Ruminococcaceae_species"
"d5dc053630ab664f874b9a71cca05f6d"	"1"	"1"	"0"	"0"	"0"	"0"	"0"	"0"	"0"	"5"	"0"	"0"	"0"	"0"	"0"	"0"	"0"	"0"	"0"	"0"	"0"	"0"	"0"	"0"	"0"	"0"	"0"	"0"	"k__Bacteria"	"p__Bacteroidetes"	"c__Bacteroidia"	"o__Bacteroidales"	"f__Porphyromonadaceae"	"g__Barnesiella"	"s__Barnesiella_intestinihominis"
"a3029b601303cf6d67957ec3cbe80376"	"1"	"1"	"0"	"0"	"0"	"0"	"0"	"0"	"0"	"5"	"0"	"0"	"0"	"0"	"0"	"0"	"0"	"0"	"0"	"0"	"0"	"0"	"0"	"0"	"0"	"0"	"0"	"0"	"k__Bacteria"	"p__Actinobacteria"	"c__Coriobacteriia"	"o__Coriobacteriales"	"f__Eggerthellaceae"	"g__Enterorhabdus"	"s__Enterorhabdus_species"
"a8659548234aaca451d93dac1621a80d"	"1"	"1"	"0"	"0"	"0"	"0"	"0"	"0"	"0"	"5"	"0"	"0"	"0"	"0"	"0"	"0"	"0"	"0"	"0"	"0"	"0"	"0"	"0"	"0"	"0"	"0"	"0"	"0"	"k__Bacteria"	"p__Bacteroidetes"	"c__Bacteroidia"	"o__Bacteroidales"	"f__Porphyromonadaceae"	"g__Barnesiella"	"s__Barnesiella_intestinihominis"
"39b7b0204728a2e85e15fc12e835fbb2"	"1"	"1"	"0"	"0"	"0"	"0"	"0"	"0"	"0"	"5"	"0"	"0"	"0"	"0"	"0"	"0"	"0"	"0"	"0"	"0"	"0"	"0"	"0"	"0"	"0"	"0"	"0"	"0"	"k__Bacteria"	"p__Firmicutes"	"c__Clostridia"	"o__Clostridiales"	"f__Clostridiales_family"	"g__Clostridiales_genus"	"s__Clostridiales_species"
"299812f3013c7468dc10dac1ef5d4f9e"	"1"	"1"	"0"	"0"	"0"	"0"	"0"	"0"	"0"	"0"	"5"	"0"	"0"	"0"	"0"	"0"	"0"	"0"	"0"	"0"	"0"	"0"	"0"	"0"	"0"	"0"	"0"	"0"	"k__Bacteria"	"p__Firmicutes"	"c__Bacilli"	"o__Lactobacillales"	"f__Carnobacteriaceae"	"g__Atopostipes"	"s__Atopostipes_suicloacalis"
"0c97f0404a81e507cabe996597eee208"	"1"	"1"	"0"	"0"	"0"	"0"	"0"	"0"	"0"	"0"	"0"	"5"	"0"	"0"	"0"	"0"	"0"	"0"	"0"	"0"	"0"	"0"	"0"	"0"	"0"	"0"	"0"	"0"	"k__Bacteria"	"p__Proteobacteria"	"c__Gammaproteobacteria"	"o__Enterobacteriales"	"f__Enterobacteriaceae"	"g__Hafnia"	"s__Hafnia_species"
"5fb80a7fe52e46145c7411a40a1e9ef6"	"1"	"1"	"0"	"0"	"0"	"0"	"0"	"0"	"0"	"0"	"0"	"5"	"0"	"0"	"0"	"0"	"0"	"0"	"0"	"0"	"0"	"0"	"0"	"0"	"0"	"0"	"0"	"0"	"k__Bacteria"	"p__Firmicutes"	"c__Bacilli"	"o__Lactobacillales"	"f__Leuconostocaceae"	"g__Weissella"	"s__Weissella_thailandensis"
"890eb6b0b84b2e8209dafc1c6e3e0d4b"	"1"	"1"	"0"	"0"	"0"	"0"	"0"	"0"	"0"	"0"	"0"	"0"	"0"	"0"	"1"	"0"	"0"	"0"	"0"	"0"	"4"	"0"	"0"	"0"	"0"	"0"	"0"	"0"	"k__Bacteria"	"p__Firmicutes"	"c__Clostridia"	"o__Clostridiales"	"f__Ruminococcaceae"	"g__Ruminiclostridium"	"s__Ruminiclostridium_leptum"
"e3696280d5ff7a8933d5edad328debdb"	"1"	"1"	"0"	"0"	"0"	"0"	"0"	"0"	"0"	"0"	"0"	"0"	"0"	"0"	"0"	"5"	"0"	"0"	"0"	"0"	"0"	"0"	"0"	"0"	"0"	"0"	"0"	"0"	"k__Bacteria"	"p__Firmicutes"	"c__Bacilli"	"o__Lactobacillales"	"f__Aerococcaceae"	"g__Facklamia"	"s__Facklamia_Species"
"6500a8dd1a81a5c551b1f3c8017e6c95"	"1"	"1"	"0"	"0"	"0"	"0"	"0"	"0"	"0"	"0"	"0"	"0"	"0"	"0"	"0"	"0"	"0"	"5"	"0"	"0"	"0"	"0"	"0"	"0"	"0"	"0"	"0"	"0"	"k__Bacteria"	"p__Firmicutes"	"c__Bacilli"	"o__Lactobacillales"	"f__Lactobacillales_family"	"g__Lactobacillales_genus"	"s__Lactobacillales_species"
"b8b92ceca5254a75e3e1f65d6f2a39a2"	"1"	"1"	"0"	"0"	"0"	"0"	"0"	"0"	"0"	"0"	"0"	"0"	"0"	"0"	"0"	"0"	"0"	"0"	"5"	"0"	"0"	"0"	"0"	"0"	"0"	"0"	"0"	"0"	"k__Bacteria"	"p__Firmicutes"	"c__Clostridia"	"o__Clostridiales"	"f__Christensenellaceae"	"g__Christensenellaceae_R-7_group"	"s__Christensenellaceae_R-7_group_Species"
"4753374671918b05f4e71ba9d00573ae"	"1"	"1"	"0"	"0"	"0"	"0"	"0"	"0"	"0"	"0"	"0"	"0"	"0"	"0"	"0"	"0"	"0"	"0"	"0"	"0"	"5"	"0"	"0"	"0"	"0"	"0"	"0"	"0"	"k__Bacteria"	"p__Actinobacteria"	"c__Actinobacteria"	"o__Corynebacteriales"	"f__Corynebacteriaceae"	"g__Corynebacterium"	"s__Corynebacterium_maris"
"a949d9c0ed232b6ee3be11ce71f0b55e"	"1"	"1"	"0"	"0"	"0"	"0"	"0"	"0"	"0"	"0"	"0"	"0"	"0"	"0"	"0"	"0"	"0"	"0"	"0"	"0"	"0"	"0"	"0"	"5"	"0"	"0"	"0"	"0"	"k__Bacteria"	"p__Firmicutes"	"c__Erysipelotrichia"	"o__Erysipelotrichales"	"f__Erysipelotrichaceae"	"g__Turicibacter"	"s__Turicibacter_sanguinis"
"676c3bc6dbf11c523b5bbe97efe97c72"	"1"	"1"	"0"	"0"	"0"	"0"	"0"	"0"	"0"	"0"	"0"	"0"	"0"	"0"	"0"	"0"	"0"	"0"	"0"	"0"	"0"	"0"	"0"	"0"	"0"	"5"	"0"	"0"	"k__Bacteria"	"p__Actinobacteria"	"c__Actinobacteria"	"o__Corynebacteriales"	"f__Corynebacteriaceae"	"g__Corynebacterium"	"s__Corynebacterium_maris"
"d664b99deb902b926e2c2e333fb598e6"	"1"	"1"	"0"	"0"	"0"	"0"	"0"	"0"	"0"	"0"	"0"	"0"	"0"	"0"	"0"	"0"	"0"	"0"	"0"	"0"	"0"	"0"	"0"	"0"	"0"	"0"	"5"	"0"	"k__Bacteria"	"p__Bacteroidetes"	"c__Bacteroidia"	"o__Flavobacteriales"	"f__Flavobacteriaceae"	"g__Ulvibacter"	"s__Ulvibacter_species"
"4506d22d1e2842c433ff898be5827bd8"	"1"	"1"	"0"	"0"	"0"	"0"	"0"	"0"	"0"	"0"	"0"	"0"	"0"	"0"	"0"	"0"	"0"	"0"	"0"	"0"	"0"	"0"	"0"	"0"	"0"	"0"	"5"	"0"	"k__Bacteria"	"p__Bacteroidetes"	"c__Bacteroidia"	"o__Bacteroidales"	"f__Porphyromonadaceae"	"g__Barnesiella"	"s__Barnesiella_intestinihominis"
"72a5b5d1123f913277859abcb989e4e9"	"1"	"1"	"4"	"0"	"0"	"0"	"0"	"0"	"0"	"0"	"0"	"0"	"0"	"0"	"0"	"0"	"0"	"0"	"0"	"0"	"0"	"0"	"0"	"0"	"0"	"0"	"0"	"0"	"k__Bacteria"	"p__Firmicutes"	"c__Clostridia"	"o__Clostridiales"	"f__Christensenellaceae"	"g__Christensenellaceae_R-7_group"	"s__Christensenellaceae_R-7_group_Species"
"faa3ce9d898b098039e821e6719ae69c"	NA	"1"	"4"	"0"	"0"	"0"	"0"	"0"	"0"	"0"	"0"	"0"	"0"	"0"	"0"	"0"	"0"	"0"	"0"	"0"	"0"	"0"	"0"	"0"	"0"	"0"	"0"	"0"	"k__Bacteria"	"p__Firmicutes"	"c__Bacilli"	"o__Lactobacillales"	"f__Streptococcaceae"	"g__Streptococcaceae_genus"	"s__Streptococcaceae_species"
"baebd3eb6517dcd355cc1921a90a3d3e"	NA	"1"	"0"	"0"	"0"	"4"	"0"	"0"	"0"	"0"	"0"	"0"	"0"	"0"	"0"	"0"	"0"	"0"	"0"	"0"	"0"	"0"	"0"	"0"	"0"	"0"	"0"	"0"	"k__Bacteria"	"p__Firmicutes"	"c__Clostridia"	"o__Clostridiales"	"f__Ruminococcaceae"	"g__Flavonifractor"	"s__Flavonifractor_plautii"
"13daa511186e4ca7499e58d7d9de2d11"	"1"	"1"	"0"	"0"	"0"	"0"	"0"	"4"	"0"	"0"	"0"	"0"	"0"	"0"	"0"	"0"	"0"	"0"	"0"	"0"	"0"	"0"	"0"	"0"	"0"	"0"	"0"	"0"	"k__Bacteria"	"p__Deferribacteres"	"c__Deferribacteres"	"o__Deferribacterales"	"f__Deferribacteraceae"	"g__Mucispirillum"	"s__Mucispirillum_schaedleri"
"fe1893468751f46510eb865cf5333068"	"1"	"1"	"0"	"0"	"0"	"0"	"0"	"4"	"0"	"0"	"0"	"0"	"0"	"0"	"0"	"0"	"0"	"0"	"0"	"0"	"0"	"0"	"0"	"0"	"0"	"0"	"0"	"0"	"k__Bacteria"	"p__Bacteroidetes"	"c__Bacteroidia"	"o__Bacteroidales"	"f__Bacteroidaceae"	"g__Bacteroides"	"s__Bacteroides_acidifaciens"
"38240ee7671a3fe08ef660c979fca0a9"	"1"	"1"	"0"	"0"	"0"	"0"	"0"	"4"	"0"	"0"	"0"	"0"	"0"	"0"	"0"	"0"	"0"	"0"	"0"	"0"	"0"	"0"	"0"	"0"	"0"	"0"	"0"	"0"	"k__Bacteria"	"p__Firmicutes"	"c__Bacilli"	"o__Bacillales"	"f__Staphylococcaceae"	"g__Staphylococcus"	"s__Staphylococcus_species"
"973a0dc79d1f9ec5a3f70e797ccc52d0"	NA	"1"	"0"	"0"	"0"	"0"	"0"	"0"	"0"	"4"	"0"	"0"	"0"	"0"	"0"	"0"	"0"	"0"	"0"	"0"	"0"	"0"	"0"	"0"	"0"	"0"	"0"	"0"	"k__Bacteria"	"p__Firmicutes"	"c__Bacilli"	"o__Bacillales"	"f__Staphylococcaceae"	"g__Staphylococcus"	"s__Staphylococcus_species"
"5ecc625580d2d3d564cb51066bde2ed9"	"1"	"1"	"0"	"0"	"0"	"0"	"0"	"0"	"0"	"4"	"0"	"0"	"0"	"0"	"0"	"0"	"0"	"0"	"0"	"0"	"0"	"0"	"0"	"0"	"0"	"0"	"0"	"0"	"k__Bacteria"	"p__Firmicutes"	"c__Firmicutes_class"	"o__Firmicutes_order"	"f__Firmicutes_family"	"g__Firmicutes_genus"	"s__Firmicutes_species"
"8d3599dea0c2a064fec6e8b724212bba"	"1"	"1"	"0"	"0"	"0"	"0"	"0"	"0"	"0"	"4"	"0"	"0"	"0"	"0"	"0"	"0"	"0"	"0"	"0"	"0"	"0"	"0"	"0"	"0"	"0"	"0"	"0"	"0"	"k__Bacteria"	"p__Firmicutes"	"c__Bacilli"	"o__Lactobacillales"	"f__Aerococcaceae"	"g__Aerococcaceae_genus"	"s__Aerococcaceae_species"
"85b4c82db1e2ae152dbece409b8a660c"	"1"	"1"	"0"	"0"	"0"	"0"	"0"	"0"	"0"	"4"	"0"	"0"	"0"	"0"	"0"	"0"	"0"	"0"	"0"	"0"	"0"	"0"	"0"	"0"	"0"	"0"	"0"	"0"	"k__Bacteria"	"p__Firmicutes"	"c__Bacilli"	"o__Lactobacillales"	"f__Aerococcaceae"	"g__Facklamia"	"s__Facklamia_tabacinasalis"
"d31e08956adfbb347066909d53be172e"	"1"	"1"	"0"	"0"	"0"	"0"	"0"	"0"	"0"	"0"	"4"	"0"	"0"	"0"	"0"	"0"	"0"	"0"	"0"	"0"	"0"	"0"	"0"	"0"	"0"	"0"	"0"	"0"	"k__Bacteria"	"p__Firmicutes"	"c__Bacilli"	"o__Lactobacillales"	"f__Aerococcaceae"	"g__Facklamia"	"s__Facklamia_tabacinasalis"
"0e69c8f2b5162983edc30d1ecbe70ed3"	NA	"1"	"0"	"0"	"0"	"0"	"0"	"0"	"0"	"0"	"0"	"4"	"0"	"0"	"0"	"0"	"0"	"0"	"0"	"0"	"0"	"0"	"0"	"0"	"0"	"0"	"0"	"0"	"k__Bacteria"	"p__Bacteroidetes"	"c__Bacteroidia"	"o__Bacteroidales"	"f__Porphyromonadaceae"	"g__Barnesiella"	"s__Barnesiella_intestinihominis"
"790e03ab4b9190846205afafdd0aca47"	"1"	"1"	"0"	"0"	"0"	"0"	"0"	"0"	"0"	"0"	"0"	"0"	"0"	"1"	"0"	"0"	"0"	"0"	"0"	"2"	"0"	"0"	"1"	"0"	"0"	"0"	"0"	"0"	"k__Bacteria"	"p__Proteobacteria"	"c__Betaproteobacteria"	"o__Burkholderiales"	"f__Burkholderiaceae"	"g__Ralstonia"	"s__Ralstonia_pickettii"
"1bfddf7c31584d94b4c904d203495063"	"1"	"1"	"0"	"0"	"0"	"0"	"0"	"0"	"0"	"0"	"0"	"0"	"0"	"0"	"1"	"0"	"0"	"0"	"3"	"0"	"0"	"0"	"0"	"0"	"0"	"0"	"0"	"0"	"k__Bacteria"	"p__Firmicutes"	"c__Clostridia"	"o__Clostridiales"	"f__Ruminococcaceae"	"g__Ruminiclostridium"	"s__Ruminiclostridium_leptum"
"37d619d74380c5721b9b24d0a5b8d2c1"	"1"	"1"	"0"	"0"	"0"	"0"	"0"	"0"	"0"	"0"	"0"	"0"	"0"	"0"	"0"	"0"	"4"	"0"	"0"	"0"	"0"	"0"	"0"	"0"	"0"	"0"	"0"	"0"	"k__Bacteria"	"p__Firmicutes"	"c__Bacilli"	"o__Bacillales"	"f__Staphylococcaceae"	"g__Staphylococcus"	"s__Staphylococcus_species"
"e0c59b317f7537c66626d5f49ea44a89"	"1"	"1"	"0"	"0"	"0"	"0"	"0"	"0"	"0"	"0"	"0"	"0"	"0"	"0"	"0"	"0"	"4"	"0"	"0"	"0"	"0"	"0"	"0"	"0"	"0"	"0"	"0"	"0"	"k__Bacteria"	"p__Firmicutes"	"c__Clostridia"	"o__Clostridiales"	"f__Peptostreptococcaceae"	"g__Romboutsia"	"s__Romboutsia_species"
"f03eb5d813cdb04da66645d9308417dd"	"1"	"1"	"0"	"0"	"0"	"0"	"0"	"0"	"0"	"0"	"0"	"0"	"0"	"0"	"0"	"0"	"0"	"0"	"4"	"0"	"0"	"0"	"0"	"0"	"0"	"0"	"0"	"0"	"k__Bacteria"	"p__Firmicutes"	"c__Clostridia"	"o__Clostridiales"	"f__Peptostreptococcaceae"	"g__Peptostreptococcaceae_genus"	"s__Peptostreptococcaceae_species"
"e904180105aaa2ff87f884ef49d445ce"	"1"	"1"	"0"	"0"	"0"	"0"	"0"	"0"	"0"	"0"	"0"	"0"	"0"	"0"	"0"	"0"	"0"	"0"	"1"	"0"	"3"	"0"	"0"	"0"	"0"	"0"	"0"	"0"	"k__Bacteria"	"p__Proteobacteria"	"c__Betaproteobacteria"	"o__Burkholderiales"	"f__Burkholderiaceae"	"g__Burkholderia-Caballeronia-Paraburkholderia"	"s__Burkholderia-Caballeronia-Paraburkholderia_species"
"9162df48b4b77a0108ea973934be4376"	"1"	"1"	"0"	"0"	"0"	"0"	"0"	"0"	"0"	"0"	"0"	"0"	"0"	"0"	"0"	"0"	"0"	"0"	"0"	"0"	"4"	"0"	"0"	"0"	"0"	"0"	"0"	"0"	"k__Bacteria"	"p__Firmicutes"	"c__Clostridia"	"o__Clostridiales"	"f__Family XI_2"	"g__Gallicola"	"s__Gallicola_species"
"4972775b220970a5fd2abc9b95c4174c"	"1"	"1"	"0"	"0"	"0"	"0"	"0"	"0"	"0"	"0"	"0"	"0"	"0"	"0"	"0"	"0"	"0"	"0"	"0"	"0"	"4"	"0"	"0"	"0"	"0"	"0"	"0"	"0"	"k__Bacteria"	"p__Bacteroidetes"	"c__Bacteroidia"	"o__Bacteroidales"	"f__Porphyromonadaceae"	"g__Barnesiella"	"s__Barnesiella_intestinihominis"
"6e7f9bac069028d91242e944b2a147a9"	"1"	"1"	"0"	"0"	"0"	"0"	"0"	"0"	"0"	"0"	"0"	"0"	"0"	"0"	"0"	"0"	"0"	"0"	"0"	"0"	"4"	"0"	"0"	"0"	"0"	"0"	"0"	"0"	"k__Bacteria"	"p__Bacteria_phylum"	"c__Bacteria_class"	"o__Bacteria_order"	"f__Bacteria_family"	"g__Bacteria_genus"	"s__Bacteria_species"
"985857fc1627f656d0fdb55cd5767d04"	"1"	"1"	"0"	"0"	"0"	"0"	"0"	"0"	"0"	"0"	"0"	"0"	"0"	"0"	"0"	"0"	"0"	"0"	"0"	"0"	"0"	"4"	"0"	"0"	"0"	"0"	"0"	"0"	"k__Bacteria"	"p__Firmicutes"	"c__Bacilli"	"o__Lactobacillales"	"f__Lactobacillales_family"	"g__Lactobacillales_genus"	"s__Lactobacillales_species"
"a2ea3dcd75819ae42546a4a783d007c6"	"1"	"1"	"0"	"0"	"0"	"0"	"0"	"0"	"0"	"0"	"0"	"0"	"0"	"0"	"0"	"0"	"0"	"0"	"0"	"0"	"0"	"0"	"0"	"2"	"2"	"0"	"0"	"0"	"k__Bacteria"	"p__Bacteria_phylum"	"c__Bacteria_class"	"o__Bacteria_order"	"f__Bacteria_family"	"g__Bacteria_genus"	"s__Bacteria_species"
"72f72accffa6c30fc63a17ee1a1219bf"	NA	"1"	"0"	"0"	"0"	"0"	"0"	"0"	"0"	"0"	"0"	"0"	"0"	"0"	"0"	"0"	"0"	"0"	"0"	"0"	"0"	"0"	"0"	"0"	"4"	"0"	"0"	"0"	"k__Bacteria"	"p__Proteobacteria"	"c__Betaproteobacteria"	"o__Burkholderiales"	"f__Burkholderiaceae"	"g__Ralstonia"	"s__Ralstonia_species"
"ff9f99d553e5c213342d49aa08ed41b3"	"1"	"1"	"0"	"0"	"0"	"0"	"0"	"0"	"0"	"0"	"0"	"0"	"0"	"0"	"0"	"0"	"0"	"0"	"0"	"0"	"0"	"0"	"0"	"0"	"0"	"4"	"0"	"0"	"k__Bacteria"	"p__Proteobacteria"	"c__Gammaproteobacteria"	"o__Enterobacteriales"	"f__Enterobacteriaceae"	"g__Enterobacteriaceae_genus"	"s__Enterobacteriaceae_species"
"527cf540839ca9e31dce4c278254a38a"	"1"	"1"	"0"	"0"	"0"	"0"	"0"	"0"	"0"	"0"	"0"	"0"	"0"	"0"	"0"	"0"	"0"	"0"	"0"	"0"	"0"	"0"	"0"	"0"	"0"	"0"	"4"	"0"	"k__Bacteria"	"p__Firmicutes"	"c__Bacilli"	"o__Bacillales"	"f__Staphylococcaceae"	"g__Jeotgalicoccus"	"s__Jeotgalicoccus_halotolerans"
"824d20ea77b7aef6c9f79942068ebbf8"	"1"	"1"	"0"	"0"	"0"	"3"	"0"	"0"	"0"	"0"	"0"	"0"	"0"	"0"	"0"	"0"	"0"	"0"	"0"	"0"	"0"	"0"	"0"	"0"	"0"	"0"	"0"	"0"	"k__Bacteria"	"p__Firmicutes"	"c__Clostridia"	"o__Clostridiales"	"f__Ruminococcaceae"	"g__Ruminococcaceae_genus"	"s__Ruminococcaceae_species"
"6c57ea71bb6e3c5cbd96b36d9844291e"	"1"	"1"	"0"	"0"	"0"	"0"	"0"	"3"	"0"	"0"	"0"	"0"	"0"	"0"	"0"	"0"	"0"	"0"	"0"	"0"	"0"	"0"	"0"	"0"	"0"	"0"	"0"	"0"	"k__Bacteria"	"p__Firmicutes"	"c__Bacilli"	"o__Lactobacillales"	"f__Aerococcaceae"	"g__Aerococcaceae_genus"	"s__Aerococcaceae_species"
"b162d3c66004a8c13df0262cf134ffae"	"1"	"1"	"0"	"0"	"0"	"0"	"0"	"3"	"0"	"0"	"0"	"0"	"0"	"0"	"0"	"0"	"0"	"0"	"0"	"0"	"0"	"0"	"0"	"0"	"0"	"0"	"0"	"0"	"k__Bacteria"	"p__Firmicutes"	"c__Bacilli"	"o__Lactobacillales"	"f__Aerococcaceae"	"g__Aerococcaceae_genus"	"s__Aerococcaceae_species"
"efb0da5a3beee406107d15ee67b05a3a"	"1"	"1"	"0"	"0"	"0"	"0"	"0"	"3"	"0"	"0"	"0"	"0"	"0"	"0"	"0"	"0"	"0"	"0"	"0"	"0"	"0"	"0"	"0"	"0"	"0"	"0"	"0"	"0"	"k__Bacteria"	"p__Firmicutes"	"c__Clostridia"	"o__Clostridiales"	"f__Peptostreptococcaceae"	"g__Peptostreptococcaceae_genus"	"s__Peptostreptococcaceae_species"
"5eac5b898c63119813e0035027ae6926"	"1"	"1"	"0"	"0"	"0"	"0"	"0"	"3"	"0"	"0"	"0"	"0"	"0"	"0"	"0"	"0"	"0"	"0"	"0"	"0"	"0"	"0"	"0"	"0"	"0"	"0"	"0"	"0"	"k__Bacteria"	"p__Firmicutes"	"c__Firmicutes_class"	"o__Firmicutes_order"	"f__Firmicutes_family"	"g__Firmicutes_genus"	"s__Firmicutes_species"
"fb725f7aa33a21db7b97c759c1429160"	"1"	"1"	"0"	"0"	"0"	"0"	"0"	"0"	"0"	"3"	"0"	"0"	"0"	"0"	"0"	"0"	"0"	"0"	"0"	"0"	"0"	"0"	"0"	"0"	"0"	"0"	"0"	"0"	"k__Bacteria"	"p__Firmicutes"	"c__Bacilli"	"o__Bacillales"	"f__Staphylococcaceae"	"g__Jeotgalicoccus"	"s__Jeotgalicoccus_species"
"74d843f9e5ae3e9a7063e34c87055171"	"1"	"1"	"0"	"0"	"0"	"0"	"0"	"0"	"0"	"3"	"0"	"0"	"0"	"0"	"0"	"0"	"0"	"0"	"0"	"0"	"0"	"0"	"0"	"0"	"0"	"0"	"0"	"0"	"k__Bacteria"	"p__Firmicutes"	"c__Bacilli"	"o__Lactobacillales"	"f__Carnobacteriaceae"	"g__Atopostipes"	"s__Atopostipes_suicloacalis"
"1b04353aa96b01137166e280a21b0809"	"1"	"1"	"0"	"0"	"0"	"0"	"0"	"0"	"0"	"3"	"0"	"0"	"0"	"0"	"0"	"0"	"0"	"0"	"0"	"0"	"0"	"0"	"0"	"0"	"0"	"0"	"0"	"0"	"k__Bacteria"	"p__Firmicutes"	"c__Clostridia"	"o__Clostridiales"	"f__Ruminococcaceae"	"g__Anaerotruncus"	"s__Anaerotruncus_Species"
"e0e0a7e1ee7435631409c1b44fa5f7b0"	"1"	"1"	"0"	"0"	"0"	"0"	"0"	"0"	"0"	"2"	"0"	"0"	"0"	"0"	"0"	"0"	"0"	"0"	"0"	"0"	"0"	"0"	"1"	"0"	"0"	"0"	"0"	"0"	"k__Bacteria"	"p__Firmicutes"	"c__Bacilli"	"o__Bacillales"	"f__Staphylococcaceae"	"g__Staphylococcus"	"s__Staphylococcus_species"
"cd928a388f8b459a6a4211e60e65e972"	"1"	"1"	"0"	"0"	"0"	"0"	"0"	"0"	"0"	"0"	"3"	"0"	"0"	"0"	"0"	"0"	"0"	"0"	"0"	"0"	"0"	"0"	"0"	"0"	"0"	"0"	"0"	"0"	"k__Bacteria"	"p__Firmicutes"	"c__Clostridia"	"o__Clostridiales"	"f__Ruminococcaceae"	"g__Ruminococcaceae_Genus"	"s__Ruminococcaceae_Species"
"b177d9efe55d88e2a280b8ad0ecf0d23"	"1"	"1"	"0"	"0"	"0"	"0"	"0"	"0"	"0"	"0"	"0"	"0"	"0"	"0"	"3"	"0"	"0"	"0"	"0"	"0"	"0"	"0"	"0"	"0"	"0"	"0"	"0"	"0"	"k__Bacteria"	"p__Firmicutes"	"c__Clostridia"	"o__Clostridiales"	"f__Clostridiaceae"	"g__Clostridium"	"s__Clostridium_disporicum"
"00eb65f4390e74a4045ada93fbe13c74"	"1"	"1"	"0"	"0"	"0"	"0"	"0"	"0"	"0"	"0"	"0"	"0"	"0"	"0"	"3"	"0"	"0"	"0"	"0"	"0"	"0"	"0"	"0"	"0"	"0"	"0"	"0"	"0"	"k__Bacteria"	"p__Bacteria_phylum"	"c__Bacteria_class"	"o__Bacteria_order"	"f__Bacteria_family"	"g__Bacteria_genus"	"s__Bacteria_species"
"a5fc708c117805384b3444a336ca6417"	"1"	"1"	"0"	"0"	"0"	"0"	"0"	"0"	"0"	"0"	"0"	"0"	"0"	"0"	"0"	"0"	"3"	"0"	"0"	"0"	"0"	"0"	"0"	"0"	"0"	"0"	"0"	"0"	"k__Bacteria"	"p__Firmicutes"	"c__Clostridia"	"o__Clostridiales"	"f__Christensenellaceae"	"g__Christensenellaceae_R-7_group"	"s__Christensenellaceae_R-7_group_Species"
"7e5b6b8b8cbd26055e74c3e9af26f9eb"	"1"	"1"	"0"	"0"	"0"	"0"	"0"	"0"	"0"	"0"	"0"	"0"	"0"	"0"	"0"	"0"	"0"	"0"	"0"	"3"	"0"	"0"	"0"	"0"	"0"	"0"	"0"	"0"	"k__Bacteria"	"p__Proteobacteria"	"c__Alphaproteobacteria"	"o__Rhizobiales"	"f__Rhizobiaceae"	"g__Rhizobium"	"s__Rhizobium_species"
"1ceaee73e63e44281b596c0f178c4658"	"1"	"1"	"0"	"0"	"0"	"0"	"0"	"0"	"0"	"0"	"0"	"0"	"0"	"0"	"0"	"0"	"0"	"0"	"0"	"0"	"3"	"0"	"0"	"0"	"0"	"0"	"0"	"0"	"k__Bacteria"	"p__Firmicutes"	"c__Clostridia"	"o__Clostridiales"	"f__Ruminococcaceae"	"g__Ruminococcaceae_genus"	"s__Ruminococcaceae_species"
"4817c3a8b90904c88c5af25d68ccd0f3"	"1"	"1"	"0"	"0"	"0"	"0"	"0"	"0"	"0"	"0"	"0"	"0"	"0"	"0"	"0"	"0"	"0"	"0"	"0"	"0"	"3"	"0"	"0"	"0"	"0"	"0"	"0"	"0"	"k__Bacteria"	"p__Firmicutes"	"c__Bacilli"	"o__Lactobacillales"	"f__Carnobacteriaceae"	"g__Atopostipes"	"s__Atopostipes_suicloacalis"
"f3c57a215a006d15066c87ade818bd48"	"1"	"1"	"0"	"0"	"0"	"0"	"0"	"0"	"0"	"0"	"0"	"0"	"0"	"0"	"0"	"0"	"0"	"0"	"0"	"0"	"3"	"0"	"0"	"0"	"0"	"0"	"0"	"0"	"k__Bacteria"	"p__Firmicutes"	"c__Firmicutes_class"	"o__Firmicutes_order"	"f__Firmicutes_family"	"g__Firmicutes_genus"	"s__Firmicutes_species"
"647447e69f5b578596ed0b5055509b48"	"1"	"1"	"0"	"0"	"0"	"0"	"0"	"0"	"0"	"0"	"0"	"0"	"0"	"0"	"0"	"0"	"0"	"0"	"0"	"0"	"3"	"0"	"0"	"0"	"0"	"0"	"0"	"0"	"k__Bacteria"	"p__Firmicutes"	"c__Bacilli"	"o__Lactobacillales"	"f__Aerococcaceae"	"g__Aerococcus"	"s__Aerococcus_species"
"41110e7d1fd0313551f5c8fa163fadea"	"1"	"1"	"0"	"0"	"0"	"0"	"0"	"0"	"0"	"0"	"0"	"0"	"0"	"0"	"0"	"0"	"0"	"0"	"0"	"0"	"3"	"0"	"0"	"0"	"0"	"0"	"0"	"0"	"k__Bacteria"	"p__Proteobacteria"	"c__Betaproteobacteria"	"o__Burkholderiales"	"f__Burkholderiaceae"	"g__Ralstonia"	"s__Ralstonia_insidiosa"
"19c1730312e9b5cb07ee311c576f9757"	"1"	"1"	"0"	"0"	"0"	"0"	"0"	"0"	"0"	"0"	"0"	"0"	"0"	"0"	"0"	"0"	"0"	"0"	"0"	"0"	"0"	"0"	"3"	"0"	"0"	"0"	"0"	"0"	"k__unassigned"	"p__unassigned"	"c__unassigned"	"o__unassigned"	"f__unassigned"	"g__unassigned"	"s__unassigned"
"16261c14243026d3d11fbe35e3aa4da2"	"1"	"1"	"0"	"0"	"0"	"0"	"0"	"0"	"0"	"0"	"0"	"0"	"0"	"0"	"0"	"0"	"0"	"0"	"0"	"0"	"0"	"0"	"0"	"3"	"0"	"0"	"0"	"0"	"k__Bacteria"	"p__Firmicutes"	"c__Bacilli"	"o__Bacillales"	"f__Staphylococcaceae"	"g__Jeotgalicoccus"	"s__Jeotgalicoccus_species"
"1b1b23ae5915812d2b4c18ace641f214"	"1"	"1"	"0"	"0"	"0"	"0"	"0"	"0"	"0"	"0"	"0"	"0"	"0"	"0"	"0"	"0"	"0"	"0"	"0"	"0"	"0"	"0"	"0"	"3"	"0"	"0"	"0"	"0"	"k__Bacteria"	"p__Firmicutes"	"c__Bacilli"	"o__Bacillales"	"f__Staphylococcaceae"	"g__Staphylococcus"	"s__Staphylococcus_species"
"c880dcc6febff4638f787a787f8d9cba"	"1"	"1"	"0"	"0"	"0"	"0"	"0"	"0"	"0"	"0"	"0"	"0"	"0"	"0"	"0"	"0"	"0"	"0"	"0"	"0"	"0"	"0"	"0"	"3"	"0"	"0"	"0"	"0"	"k__Bacteria"	"p__Firmicutes"	"c__Bacilli"	"o__Lactobacillales"	"f__Streptococcaceae"	"g__Streptococcus"	"s__Streptococcus_species"
"1e761cd2495461debad3be4ec401e8cd"	"1"	"1"	"0"	"0"	"0"	"0"	"0"	"0"	"0"	"0"	"0"	"0"	"0"	"0"	"0"	"0"	"0"	"0"	"0"	"0"	"0"	"0"	"0"	"3"	"0"	"0"	"0"	"0"	"k__Bacteria"	"p__Proteobacteria"	"c__Gammaproteobacteria"	"o__Pseudomonadales"	"f__Moraxellaceae"	"g__Acinetobacter"	"s__Acinetobacter_species"
"73c2a6673440b4fd10de54788a53e3a8"	"1"	"1"	"0"	"0"	"0"	"0"	"0"	"0"	"0"	"0"	"0"	"0"	"0"	"0"	"0"	"0"	"0"	"0"	"0"	"0"	"0"	"0"	"0"	"3"	"0"	"0"	"0"	"0"	"k__Bacteria"	"p__Firmicutes"	"c__Bacilli"	"o__Bacillales"	"f__Bacillaceae"	"g__Domibacillus"	"s__Domibacillus_robiginosus"
"03f7ba3e127aa61cf2a720c41634b62b"	"1"	"1"	"0"	"0"	"0"	"0"	"0"	"0"	"0"	"0"	"0"	"0"	"0"	"0"	"0"	"0"	"0"	"0"	"0"	"0"	"0"	"0"	"0"	"0"	"3"	"0"	"0"	"0"	"k__Bacteria"	"p__Bacteroidetes"	"c__Bacteroidia"	"o__Bacteroidales"	"f__Porphyromonadaceae"	"g__Barnesiella"	"s__Barnesiella_species"
"36de6601eede3774f4789561579e3cd7"	"1"	"1"	"0"	"0"	"0"	"0"	"0"	"0"	"0"	"0"	"0"	"0"	"0"	"0"	"0"	"0"	"0"	"0"	"0"	"0"	"0"	"0"	"0"	"0"	"3"	"0"	"0"	"0"	"k__Bacteria"	"p__Bacteroidetes"	"c__Bacteroidia"	"o__Bacteroidales"	"f__Rikenellaceae"	"g__Alistipes"	"s__Alistipes_shahii"
"655943913ef732ff26b7b507e44f6658"	"1"	"1"	"0"	"0"	"0"	"0"	"0"	"0"	"0"	"0"	"0"	"0"	"0"	"0"	"0"	"0"	"0"	"0"	"0"	"0"	"0"	"0"	"0"	"0"	"0"	"3"	"0"	"0"	"k__Bacteria"	"p__Bacteroidetes"	"c__Bacteroidia"	"o__Bacteroidales"	"f__Bacteroidales_family"	"g__Bacteroidales_genus"	"s__Bacteroidales_species"
"21e48608e93b9ed2350e66653287cb62"	"1"	"1"	"0"	"0"	"0"	"0"	"0"	"0"	"0"	"0"	"0"	"0"	"0"	"0"	"0"	"0"	"0"	"0"	"0"	"0"	"0"	"0"	"0"	"0"	"0"	"0"	"3"	"0"	"k__Bacteria"	"p__Firmicutes"	"c__Bacilli"	"o__Bacilli_order"	"f__Bacilli_family"	"g__Bacilli_genus"	"s__Bacilli_species"
"3803d82eed0ae697fed63106df70af6f"	"1"	"1"	"0"	"0"	"0"	"0"	"0"	"0"	"0"	"0"	"0"	"0"	"0"	"0"	"0"	"0"	"0"	"0"	"0"	"0"	"0"	"0"	"0"	"0"	"0"	"0"	"3"	"0"	"k__Bacteria"	"p__Firmicutes"	"c__Clostridia"	"o__Clostridiales"	"f__Ruminococcaceae"	"g__Ruminococcaceae_Genus"	"s__Ruminococcaceae_Species"
"d2ebde4cfeb2f1992aaa35ea7e0af308"	"1"	"1"	"0"	"0"	"0"	"0"	"0"	"0"	"0"	"0"	"0"	"0"	"0"	"0"	"0"	"0"	"0"	"0"	"0"	"0"	"0"	"0"	"0"	"0"	"0"	"0"	"3"	"0"	"k__Bacteria"	"p__Firmicutes"	"c__Bacilli"	"o__Lactobacillales"	"f__Streptococcaceae"	"g__Streptococcus"	"s__Streptococcus_species"
"493ad404955610c3ea04153edd9cbe53"	"1"	"1"	"0"	"0"	"0"	"0"	"0"	"0"	"0"	"0"	"0"	"0"	"0"	"0"	"0"	"0"	"0"	"0"	"0"	"0"	"0"	"0"	"0"	"0"	"0"	"0"	"3"	"0"	"k__Bacteria"	"p__Bacteroidetes"	"c__Bacteroidia"	"o__Bacteroidales"	"f__Porphyromonadaceae"	"g__Barnesiella"	"s__Barnesiella_intestinihominis"
"911c3be0d8de92d106926da936082188"	"1"	"1"	"0"	"0"	"0"	"0"	"0"	"0"	"0"	"0"	"0"	"0"	"0"	"0"	"0"	"0"	"0"	"0"	"0"	"0"	"0"	"0"	"0"	"0"	"0"	"0"	"0"	"3"	"k__Bacteria"	"p__Firmicutes"	"c__Bacilli"	"o__Bacilli_order"	"f__Bacilli_family"	"g__Bacilli_genus"	"s__Bacilli_species"
"1e510fc9562daf1a90246dabf63e8538"	"1"	"1"	"0"	"2"	"0"	"0"	"0"	"0"	"0"	"0"	"0"	"0"	"0"	"0"	"0"	"0"	"0"	"0"	"0"	"0"	"0"	"0"	"0"	"0"	"0"	"0"	"0"	"0"	"k__Bacteria"	"p__Firmicutes"	"c__Bacilli"	"o__Lactobacillales"	"f__Lactobacillales_family"	"g__Lactobacillales_genus"	"s__Lactobacillales_species"
"50a85021cfa6f1d81605c1d14b88bf3c"	"1"	"1"	"0"	"0"	"0"	"2"	"0"	"0"	"0"	"0"	"0"	"0"	"0"	"0"	"0"	"0"	"0"	"0"	"0"	"0"	"0"	"0"	"0"	"0"	"0"	"0"	"0"	"0"	"k__Bacteria"	"p__Firmicutes"	"c__Clostridia"	"o__Clostridiales"	"f__Peptostreptococcaceae"	"g__Peptostreptococcaceae_genus"	"s__Peptostreptococcaceae_species"
"00544e38fc05575e4ffad847e8a336fb"	"1"	"1"	"0"	"0"	"0"	"2"	"0"	"0"	"0"	"0"	"0"	"0"	"0"	"0"	"0"	"0"	"0"	"0"	"0"	"0"	"0"	"0"	"0"	"0"	"0"	"0"	"0"	"0"	"k__Bacteria"	"p__Proteobacteria"	"c__Gammaproteobacteria"	"o__Pseudomonadales"	"f__Pseudomonadaceae"	"g__Pseudomonas"	"s__Pseudomonas_species"
"bbf1727da757f84feef11be0db99d2f0"	"1"	"1"	"0"	"0"	"0"	"0"	"2"	"0"	"0"	"0"	"0"	"0"	"0"	"0"	"0"	"0"	"0"	"0"	"0"	"0"	"0"	"0"	"0"	"0"	"0"	"0"	"0"	"0"	"k__Bacteria"	"p__Firmicutes"	"c__Clostridia"	"o__Clostridiales"	"f__Clostridiales_family"	"g__Clostridiales_genus"	"s__Clostridiales_species"
"fefdb31c4d2a6f59cc63d39b81d677d4"	"1"	"1"	"0"	"0"	"0"	"0"	"2"	"0"	"0"	"0"	"0"	"0"	"0"	"0"	"0"	"0"	"0"	"0"	"0"	"0"	"0"	"0"	"0"	"0"	"0"	"0"	"0"	"0"	"k__Bacteria"	"p__Proteobacteria"	"c__Gammaproteobacteria"	"o__Pseudomonadales"	"f__Moraxellaceae"	"g__Acinetobacter"	"s__Acinetobacter_species"
"217a9ded1d2853b4fbfdba0c77b79f47"	"1"	"1"	"0"	"0"	"0"	"0"	"2"	"0"	"0"	"0"	"0"	"0"	"0"	"0"	"0"	"0"	"0"	"0"	"0"	"0"	"0"	"0"	"0"	"0"	"0"	"0"	"0"	"0"	"k__Bacteria"	"p__Deferribacteres"	"c__Deferribacteres"	"o__Deferribacterales"	"f__Deferribacteraceae"	"g__Mucispirillum"	"s__Mucispirillum_schaedleri"
"5c2d664262e0518c53e5ced2c650314a"	NA	"1"	"0"	"0"	"0"	"0"	"0"	"2"	"0"	"0"	"0"	"0"	"0"	"0"	"0"	"0"	"0"	"0"	"0"	"0"	"0"	"0"	"0"	"0"	"0"	"0"	"0"	"0"	"k__Bacteria"	"p__Firmicutes"	"c__Bacilli"	"o__Lactobacillales"	"f__Streptococcaceae"	"g__Streptococcus"	"s__Streptococcus_species"
"3a6aa0dd14486e86b7a9d637e482e402"	"1"	"1"	"0"	"0"	"0"	"0"	"0"	"2"	"0"	"0"	"0"	"0"	"0"	"0"	"0"	"0"	"0"	"0"	"0"	"0"	"0"	"0"	"0"	"0"	"0"	"0"	"0"	"0"	"k__Bacteria"	"p__Bacteroidetes"	"c__Bacteroidia"	"o__Bacteroidales"	"f__Bacteroidaceae"	"g__Bacteroides"	"s__Bacteroides_species"
"cec1ba7e4fbee45a538ac6efd2ededca"	"1"	"1"	"0"	"0"	"0"	"0"	"0"	"2"	"0"	"0"	"0"	"0"	"0"	"0"	"0"	"0"	"0"	"0"	"0"	"0"	"0"	"0"	"0"	"0"	"0"	"0"	"0"	"0"	"k__Bacteria"	"p__Firmicutes"	"c__Clostridia"	"o__Clostridiales"	"f__Peptostreptococcaceae"	"g__Peptostreptococcaceae_genus"	"s__Peptostreptococcaceae_species"
"1f38dc8fe8aad8f34f9bf61a5904907c"	"1"	"1"	"0"	"0"	"0"	"0"	"0"	"0"	"2"	"0"	"0"	"0"	"0"	"0"	"0"	"0"	"0"	"0"	"0"	"0"	"0"	"0"	"0"	"0"	"0"	"0"	"0"	"0"	"k__Bacteria"	"p__Bacteroidetes"	"c__Bacteroidia"	"o__Bacteroidales"	"f__Bacteroidales_family"	"g__Bacteroidales_genus"	"s__Bacteroidales_species"
"a09a51dfa9a1efe99a2e8792b2be1820"	"1"	"1"	"0"	"0"	"0"	"0"	"0"	"0"	"0"	"2"	"0"	"0"	"0"	"0"	"0"	"0"	"0"	"0"	"0"	"0"	"0"	"0"	"0"	"0"	"0"	"0"	"0"	"0"	"k__Bacteria"	"p__Firmicutes"	"c__Clostridia"	"o__Clostridiales"	"f__Lachnospiraceae"	"g__Lachnospiraceae_genus"	"s__Lachnospiraceae_species"
"c5002fee3cafd9c83db4bae3d40af50e"	"1"	"1"	"0"	"0"	"0"	"0"	"0"	"0"	"0"	"2"	"0"	"0"	"0"	"0"	"0"	"0"	"0"	"0"	"0"	"0"	"0"	"0"	"0"	"0"	"0"	"0"	"0"	"0"	"k__Bacteria"	"p__Deferribacteres"	"c__Deferribacteres"	"o__Deferribacterales"	"f__Deferribacteraceae"	"g__Mucispirillum"	"s__Mucispirillum_species"
"30958a19c6aea175873fba07c85203e7"	"1"	"1"	"0"	"0"	"0"	"0"	"0"	"0"	"0"	"0"	"2"	"0"	"0"	"0"	"0"	"0"	"0"	"0"	"0"	"0"	"0"	"0"	"0"	"0"	"0"	"0"	"0"	"0"	"k__Bacteria"	"p__Firmicutes"	"c__Bacilli"	"o__Lactobacillales"	"f__Aerococcaceae"	"g__Facklamia"	"s__Facklamia_tabacinasalis"
"7d10b7ad441d244f0bb5190a8a91a564"	"1"	"1"	"0"	"0"	"0"	"0"	"0"	"0"	"0"	"0"	"2"	"0"	"0"	"0"	"0"	"0"	"0"	"0"	"0"	"0"	"0"	"0"	"0"	"0"	"0"	"0"	"0"	"0"	"k__Bacteria"	"p__Firmicutes"	"c__Bacilli"	"o__Lactobacillales"	"f__Enterococcaceae"	"g__Enterococcus"	"s__Enterococcus_species"
"df2cdf490ce6d6612d66ed7ea48e38df"	"1"	"1"	"0"	"0"	"0"	"0"	"0"	"0"	"0"	"0"	"0"	"2"	"0"	"0"	"0"	"0"	"0"	"0"	"0"	"0"	"0"	"0"	"0"	"0"	"0"	"0"	"0"	"0"	"k__Bacteria"	"p__Bacteroidetes"	"c__Bacteroidia"	"o__Bacteroidales"	"f__Porphyromonadaceae"	"g__Barnesiella"	"s__Barnesiella_intestinihominis"
"525b3bb882bfef79a1245095c35e30c9"	"1"	"1"	"0"	"0"	"0"	"0"	"0"	"0"	"0"	"0"	"0"	"0"	"2"	"0"	"0"	"0"	"0"	"0"	"0"	"0"	"0"	"0"	"0"	"0"	"0"	"0"	"0"	"0"	"k__Bacteria"	"p__Bacteroidetes"	"c__Bacteroidia"	"o__Bacteroidales"	"f__Porphyromonadaceae"	"g__Barnesiella"	"s__Barnesiella_intestinihominis"
"54472b2228584987cc45fd4f48486a44"	"1"	"1"	"0"	"0"	"0"	"0"	"0"	"0"	"0"	"0"	"0"	"0"	"0"	"2"	"0"	"0"	"0"	"0"	"0"	"0"	"0"	"0"	"0"	"0"	"0"	"0"	"0"	"0"	"k__unassigned"	"p__unassigned"	"c__unassigned"	"o__unassigned"	"f__unassigned"	"g__unassigned"	"s__unassigned"
"8b49f9279865406ae9b83f3438d84079"	"1"	"1"	"0"	"0"	"0"	"0"	"0"	"0"	"0"	"0"	"0"	"0"	"0"	"1"	"0"	"0"	"0"	"0"	"0"	"0"	"0"	"0"	"1"	"0"	"0"	"0"	"0"	"0"	"k__Bacteria"	"p__Firmicutes"	"c__Bacilli"	"o__Lactobacillales"	"f__Lactobacillales_family"	"g__Lactobacillales_genus"	"s__Lactobacillales_species"
"e38d48f62f9eab97e941b84c9dd2114d"	"1"	"1"	"0"	"0"	"0"	"0"	"0"	"0"	"0"	"0"	"0"	"0"	"0"	"0"	"2"	"0"	"0"	"0"	"0"	"0"	"0"	"0"	"0"	"0"	"0"	"0"	"0"	"0"	"k__Bacteria"	"p__Firmicutes"	"c__Bacilli"	"o__Lactobacillales"	"f__Streptococcaceae"	"g__Lactococcus"	"s__Lactococcus_lactis"
"b311ca66870ca2730128cc5717f9d9d6"	"1"	"1"	"0"	"0"	"0"	"0"	"0"	"0"	"0"	"0"	"0"	"0"	"0"	"0"	"2"	"0"	"0"	"0"	"0"	"0"	"0"	"0"	"0"	"0"	"0"	"0"	"0"	"0"	"k__Bacteria"	"p__Firmicutes"	"c__Clostridia"	"o__Clostridiales"	"f__Peptostreptococcaceae"	"g__Peptostreptococcaceae_genus"	"s__Peptostreptococcaceae_species"
"343f679a580f9f8eb0f9bc8df3a559df"	"1"	"1"	"0"	"0"	"0"	"0"	"0"	"0"	"0"	"0"	"0"	"0"	"0"	"0"	"2"	"0"	"0"	"0"	"0"	"0"	"0"	"0"	"0"	"0"	"0"	"0"	"0"	"0"	"k__Bacteria"	"p__Firmicutes"	"c__Bacilli"	"o__Lactobacillales"	"f__Aerococcaceae"	"g__Aerococcaceae_genus"	"s__Aerococcaceae_species"
"8e29e67ec7a5e6d04ad3b7125f05d0e1"	"1"	"1"	"0"	"0"	"0"	"0"	"0"	"0"	"0"	"0"	"0"	"0"	"0"	"0"	"2"	"0"	"0"	"0"	"0"	"0"	"0"	"0"	"0"	"0"	"0"	"0"	"0"	"0"	"k__Bacteria"	"p__Firmicutes"	"c__Clostridia"	"o__Clostridiales"	"f__Lachnospiraceae"	"g__Lachnospiraceae_genus"	"s__Lachnospiraceae_species"
"f5c98dd0aecd9ce80b178ba149fb5258"	"1"	"1"	"0"	"0"	"0"	"0"	"0"	"0"	"0"	"0"	"0"	"0"	"0"	"0"	"2"	"0"	"0"	"0"	"0"	"0"	"0"	"0"	"0"	"0"	"0"	"0"	"0"	"0"	"k__Bacteria"	"p__Firmicutes"	"c__Firmicutes_class"	"o__Firmicutes_order"	"f__Firmicutes_family"	"g__Firmicutes_genus"	"s__Firmicutes_species"
"edc1fb43ee1021b5776ff3f583f6d95e"	"1"	"1"	"0"	"0"	"0"	"0"	"0"	"0"	"0"	"0"	"0"	"0"	"0"	"0"	"0"	"0"	"2"	"0"	"0"	"0"	"0"	"0"	"0"	"0"	"0"	"0"	"0"	"0"	"k__Bacteria"	"p__Firmicutes"	"c__Erysipelotrichia"	"o__Erysipelotrichales"	"f__Erysipelotrichaceae"	"g__Turicibacter"	"s__Turicibacter_sanguinis"
"21fea581b6ff87d5ebf4b848b23025fc"	"1"	"1"	"0"	"0"	"0"	"0"	"0"	"0"	"0"	"0"	"0"	"0"	"0"	"0"	"0"	"0"	"2"	"0"	"0"	"0"	"0"	"0"	"0"	"0"	"0"	"0"	"0"	"0"	"k__Bacteria"	"p__Firmicutes"	"c__Bacilli"	"o__Lactobacillales"	"f__Streptococcaceae"	"g__Lactococcus"	"s__Lactococcus_lactis"
"4c9fd39fe0040947e11618a563594971"	"1"	"1"	"0"	"0"	"0"	"0"	"0"	"0"	"0"	"0"	"0"	"0"	"0"	"0"	"0"	"0"	"0"	"2"	"0"	"0"	"0"	"0"	"0"	"0"	"0"	"0"	"0"	"0"	"k__Bacteria"	"p__Proteobacteria"	"c__Gammaproteobacteria"	"o__Enterobacteriales"	"f__Enterobacteriaceae"	"g__Enterobacteriaceae_genus"	"s__Enterobacteriaceae_species"
"2cf0c9e41abdaa239dcb89db1cb63dad"	"1"	"1"	"0"	"0"	"0"	"0"	"0"	"0"	"0"	"0"	"0"	"0"	"0"	"0"	"0"	"0"	"0"	"2"	"0"	"0"	"0"	"0"	"0"	"0"	"0"	"0"	"0"	"0"	"k__Bacteria"	"p__Proteobacteria"	"c__Gammaproteobacteria"	"o__Pseudomonadales"	"f__Moraxellaceae"	"g__Moraxellaceae_genus"	"s__Moraxellaceae_species"
"072670d0d885959f4be80b18c8f846b7"	"1"	"1"	"0"	"0"	"0"	"0"	"0"	"0"	"0"	"0"	"0"	"0"	"0"	"0"	"0"	"0"	"0"	"2"	"0"	"0"	"0"	"0"	"0"	"0"	"0"	"0"	"0"	"0"	"k__Bacteria"	"p__Firmicutes"	"c__Clostridia"	"o__Clostridiales"	"f__Clostridiales_family"	"g__Clostridiales_genus"	"s__Clostridiales_species"
"3aa13d0f95fed3fa2fd0ba0ba65e1548"	"1"	"1"	"0"	"0"	"0"	"0"	"0"	"0"	"0"	"0"	"0"	"0"	"0"	"0"	"0"	"0"	"0"	"0"	"2"	"0"	"0"	"0"	"0"	"0"	"0"	"0"	"0"	"0"	"k__Bacteria"	"p__Proteobacteria"	"c__Betaproteobacteria"	"o__Burkholderiales"	"f__Burkholderiaceae"	"g__Burkholderiaceae_genus"	"s__Burkholderiaceae_species"
"1c289c2b819f26bc7a8569cad1367fad"	"1"	"1"	"0"	"0"	"0"	"0"	"0"	"0"	"0"	"0"	"0"	"0"	"0"	"0"	"0"	"0"	"0"	"0"	"2"	"0"	"0"	"0"	"0"	"0"	"0"	"0"	"0"	"0"	"k__Bacteria"	"p__Proteobacteria"	"c__Gammaproteobacteria"	"o__Pseudomonadales"	"f__Pseudomonadaceae"	"g__Pseudomonas"	"s__Pseudomonas_species"
"d29fce1ca21460ba0ee5373a4cdb8a8f"	"1"	"1"	"0"	"0"	"0"	"0"	"0"	"0"	"0"	"0"	"0"	"0"	"0"	"0"	"0"	"0"	"0"	"0"	"2"	"0"	"0"	"0"	"0"	"0"	"0"	"0"	"0"	"0"	"k__Bacteria"	"p__Bacteroidetes"	"c__Bacteroidia"	"o__Bacteroidales"	"f__Rikenellaceae"	"g__Alistipes"	"s__Alistipes_putredinis"
"e07841ef860a0a37d8ced85cf95cb4b9"	"1"	"1"	"0"	"0"	"0"	"0"	"0"	"0"	"0"	"0"	"0"	"0"	"0"	"0"	"0"	"0"	"0"	"0"	"2"	"0"	"0"	"0"	"0"	"0"	"0"	"0"	"0"	"0"	"k__Bacteria"	"p__Firmicutes"	"c__Firmicutes_class"	"o__Firmicutes_order"	"f__Firmicutes_family"	"g__Firmicutes_genus"	"s__Firmicutes_species"
"4b517ac8438d0cdd8759d4537a2eb070"	"1"	"1"	"0"	"0"	"0"	"0"	"0"	"0"	"0"	"0"	"0"	"0"	"0"	"0"	"0"	"0"	"0"	"0"	"0"	"2"	"0"	"0"	"0"	"0"	"0"	"0"	"0"	"0"	"k__Bacteria"	"p__Bacteria_phylum"	"c__Bacteria_class"	"o__Bacteria_order"	"f__Bacteria_family"	"g__Bacteria_genus"	"s__Bacteria_species"
"92e03ca0471fb6ac8eb73cbf22f04a69"	"1"	"1"	"0"	"0"	"0"	"0"	"0"	"0"	"0"	"0"	"0"	"0"	"0"	"0"	"0"	"0"	"0"	"0"	"0"	"2"	"0"	"0"	"0"	"0"	"0"	"0"	"0"	"0"	"k__Bacteria"	"p__Firmicutes"	"c__Bacilli"	"o__Lactobacillales"	"f__Enterococcaceae"	"g__Enterococcus"	"s__Enterococcus_species"
"7908a1981519a8a2626a5d531525d5bb"	"1"	"1"	"0"	"0"	"0"	"0"	"0"	"0"	"0"	"0"	"0"	"0"	"0"	"0"	"0"	"0"	"0"	"0"	"0"	"2"	"0"	"0"	"0"	"0"	"0"	"0"	"0"	"0"	"k__Bacteria"	"p__Bacteroidetes"	"c__Bacteroidia"	"o__Bacteroidia_order"	"f__Bacteroidia_family"	"g__Bacteroidia_genus"	"s__Bacteroidia_species"
"2d20f7d33d14923f76342b5f90e7c883"	"1"	"1"	"0"	"0"	"0"	"0"	"0"	"0"	"0"	"0"	"0"	"0"	"0"	"0"	"0"	"0"	"0"	"0"	"0"	"2"	"0"	"0"	"0"	"0"	"0"	"0"	"0"	"0"	"k__Bacteria"	"p__Proteobacteria"	"c__Betaproteobacteria"	"o__Burkholderiales"	"f__Burkholderiaceae"	"g__Burkholderia"	"s__Burkholderia_ferrariae"
"c73b1c8202d810b4a25fdcbc8f8ed43e"	"1"	"1"	"0"	"0"	"0"	"0"	"0"	"0"	"0"	"0"	"0"	"0"	"0"	"0"	"0"	"0"	"0"	"0"	"0"	"0"	"2"	"0"	"0"	"0"	"0"	"0"	"0"	"0"	"k__Bacteria"	"p__Bacteroidetes"	"c__Bacteroidia"	"o__Bacteroidales"	"f__Porphyromonadaceae"	"g__Barnesiella"	"s__Barnesiella_intestinihominis"
"12b4bdd68d5c28c4356c64c48061ef6f"	"1"	"1"	"0"	"0"	"0"	"0"	"0"	"0"	"0"	"0"	"0"	"0"	"0"	"0"	"0"	"0"	"0"	"0"	"0"	"0"	"2"	"0"	"0"	"0"	"0"	"0"	"0"	"0"	"k__Bacteria"	"p__Bacteroidetes"	"c__Bacteroidia"	"o__Bacteroidales"	"f__Porphyromonadaceae"	"g__Barnesiella"	"s__Barnesiella_intestinihominis"
"b884bd5abf9ddb6121d620fbcd5c5d28"	"1"	"1"	"0"	"0"	"0"	"0"	"0"	"0"	"0"	"0"	"0"	"0"	"0"	"0"	"0"	"0"	"0"	"0"	"0"	"0"	"0"	"2"	"0"	"0"	"0"	"0"	"0"	"0"	"k__Bacteria"	"p__Bacteroidetes"	"c__Bacteroidia"	"o__Bacteroidales"	"f__Porphyromonadaceae"	"g__Barnesiella"	"s__Barnesiella_intestinihominis"
"e743659b14488389a476ab79813106c1"	"1"	"1"	"0"	"0"	"0"	"0"	"0"	"0"	"0"	"0"	"0"	"0"	"0"	"0"	"0"	"0"	"0"	"0"	"0"	"0"	"0"	"0"	"2"	"0"	"0"	"0"	"0"	"0"	"k__unassigned"	"p__unassigned"	"c__unassigned"	"o__unassigned"	"f__unassigned"	"g__unassigned"	"s__unassigned"
"2083760cd5b2d02ad693cd7717fa8641"	"1"	"1"	"0"	"0"	"0"	"0"	"0"	"0"	"0"	"0"	"0"	"0"	"0"	"0"	"0"	"0"	"0"	"0"	"0"	"0"	"0"	"0"	"0"	"0"	"2"	"0"	"0"	"0"	"k__Bacteria"	"p__Firmicutes"	"c__Bacilli"	"o__Lactobacillales"	"f__Lactobacillales_family"	"g__Lactobacillales_genus"	"s__Lactobacillales_species"
"f693045cdb89b13b4d65f5583eed8ffe"	"1"	"1"	"0"	"0"	"0"	"0"	"0"	"0"	"0"	"0"	"0"	"0"	"0"	"0"	"0"	"0"	"0"	"0"	"0"	"0"	"0"	"0"	"0"	"0"	"2"	"0"	"0"	"0"	"k__Bacteria"	"p__Proteobacteria"	"c__Betaproteobacteria"	"o__Burkholderiales"	"f__Burkholderiaceae"	"g__Burkholderiaceae_genus"	"s__Burkholderiaceae_species"
"e46d993875433853dafed638942109fa"	"1"	"1"	"0"	"0"	"0"	"0"	"0"	"0"	"0"	"0"	"0"	"0"	"0"	"0"	"0"	"0"	"0"	"0"	"0"	"0"	"0"	"0"	"0"	"0"	"0"	"2"	"0"	"0"	"k__Bacteria"	"p__Firmicutes"	"c__Bacilli"	"o__Lactobacillales"	"f__Aerococcaceae"	"g__Aerococcaceae_genus"	"s__Aerococcaceae_species"
"a647e780f51d6ad65e32f929808a84fb"	"1"	"1"	"0"	"0"	"0"	"0"	"0"	"0"	"0"	"0"	"0"	"0"	"0"	"0"	"0"	"0"	"0"	"0"	"0"	"0"	"0"	"0"	"0"	"0"	"0"	"2"	"0"	"0"	"k__Bacteria"	"p__Proteobacteria"	"c__Gammaproteobacteria"	"o__Enterobacteriales"	"f__Enterobacteriaceae"	"g__Serratia"	"s__Serratia_species"
"5d759d784592d5510728a62554da53e4"	"1"	"1"	"0"	"0"	"0"	"0"	"0"	"0"	"0"	"0"	"0"	"0"	"0"	"0"	"0"	"0"	"0"	"0"	"0"	"0"	"0"	"0"	"0"	"0"	"0"	"0"	"2"	"0"	"k__Bacteria"	"p__Proteobacteria"	"c__Betaproteobacteria"	"o__Burkholderiales"	"f__Burkholderiaceae"	"g__Ralstonia"	"s__Ralstonia_pickettii"
"5439234e2e589a61f3fc1618877acd5f"	"1"	"1"	"0"	"0"	"0"	"0"	"0"	"0"	"0"	"0"	"0"	"0"	"0"	"0"	"0"	"0"	"0"	"0"	"0"	"0"	"0"	"0"	"0"	"0"	"0"	"0"	"2"	"0"	"k__Bacteria"	"p__Proteobacteria"	"c__Gammaproteobacteria"	"o__Pseudomonadales"	"f__Moraxellaceae"	"g__Moraxellaceae_genus"	"s__Moraxellaceae_species"
"447b84fc6f4cf51c71dbed1879417599"	"1"	"1"	"0"	"0"	"0"	"0"	"0"	"0"	"0"	"0"	"0"	"0"	"0"	"0"	"0"	"0"	"0"	"0"	"0"	"0"	"0"	"0"	"0"	"0"	"0"	"0"	"2"	"0"	"k__unassigned"	"p__unassigned"	"c__unassigned"	"o__unassigned"	"f__unassigned"	"g__unassigned"	"s__unassigned"
"1979806342ff9ca31e16187e2d38e5d5"	"1"	"1"	"0"	"0"	"0"	"0"	"0"	"0"	"0"	"0"	"0"	"0"	"0"	"0"	"0"	"0"	"0"	"0"	"0"	"0"	"0"	"0"	"0"	"0"	"0"	"0"	"0"	"2"	"k__Bacteria"	"p__Firmicutes"	"c__Bacilli"	"o__Lactobacillales"	"f__Streptococcaceae"	"g__Streptococcus"	"s__Streptococcus_species"
"801dc4a211c741c4dc406707619527d0"	"1"	"1"	"0"	"1"	"0"	"0"	"0"	"0"	"0"	"0"	"0"	"0"	"0"	"0"	"0"	"0"	"0"	"0"	"0"	"0"	"0"	"0"	"0"	"0"	"0"	"0"	"0"	"0"	"k__Bacteria"	"p__Firmicutes"	"c__Bacilli"	"o__Lactobacillales"	"f__Lactobacillales_family"	"g__Lactobacillales_genus"	"s__Lactobacillales_species"
"d214bd5c2ecdb51a56f9722a906200d5"	"1"	"1"	"0"	"0"	"1"	"0"	"0"	"0"	"0"	"0"	"0"	"0"	"0"	"0"	"0"	"0"	"0"	"0"	"0"	"0"	"0"	"0"	"0"	"0"	"0"	"0"	"0"	"0"	"k__Bacteria"	"p__Proteobacteria"	"c__Gammaproteobacteria"	"o__Enterobacteriales"	"f__Enterobacteriaceae"	"g__Enterobacteriaceae_genus"	"s__Enterobacteriaceae_species"
"d033523b401d800392d21b136c526472"	"1"	"1"	"0"	"0"	"0"	"0"	"1"	"0"	"0"	"0"	"0"	"0"	"0"	"0"	"0"	"0"	"0"	"0"	"0"	"0"	"0"	"0"	"0"	"0"	"0"	"0"	"0"	"0"	"k__Bacteria"	"p__Bacteroidetes"	"c__Bacteroidia"	"o__Bacteroidales"	"f__Porphyromonadaceae"	"g__Barnesiella"	"s__Barnesiella_species"
"83484d5150faa896b2ec970ca49024f9"	"1"	"1"	"0"	"0"	"0"	"0"	"0"	"1"	"0"	"0"	"0"	"0"	"0"	"0"	"0"	"0"	"0"	"0"	"0"	"0"	"0"	"0"	"0"	"0"	"0"	"0"	"0"	"0"	"k__Bacteria"	"p__Proteobacteria"	"c__Gammaproteobacteria"	"o__Pseudomonadales"	"f__Moraxellaceae"	"g__Acinetobacter"	"s__Acinetobacter_species"
"a0af03990d552b7bc29db770958aa9b6"	"1"	"1"	"0"	"0"	"0"	"0"	"0"	"1"	"0"	"0"	"0"	"0"	"0"	"0"	"0"	"0"	"0"	"0"	"0"	"0"	"0"	"0"	"0"	"0"	"0"	"0"	"0"	"0"	"k__Bacteria"	"p__Bacteria_phylum"	"c__Bacteria_class"	"o__Bacteria_order"	"f__Bacteria_family"	"g__Bacteria_genus"	"s__Bacteria_species"
"934c38e55eb48cf4e5f3197d0fd97800"	"1"	"1"	"0"	"0"	"0"	"0"	"0"	"1"	"0"	"0"	"0"	"0"	"0"	"0"	"0"	"0"	"0"	"0"	"0"	"0"	"0"	"0"	"0"	"0"	"0"	"0"	"0"	"0"	"k__unassigned"	"p__unassigned"	"c__unassigned"	"o__unassigned"	"f__unassigned"	"g__unassigned"	"s__unassigned"
"ce7b5b07b31f1dc1df7e4d115bbe6f45"	"1"	"1"	"0"	"0"	"0"	"0"	"0"	"1"	"0"	"0"	"0"	"0"	"0"	"0"	"0"	"0"	"0"	"0"	"0"	"0"	"0"	"0"	"0"	"0"	"0"	"0"	"0"	"0"	"k__Bacteria"	"p__Bacteroidetes"	"c__Bacteroidia"	"o__Bacteroidales"	"f__Porphyromonadaceae"	"g__Barnesiella"	"s__Barnesiella_intestinihominis"
"a7aee65338763308c158185bad9c1b7d"	"1"	"1"	"0"	"0"	"0"	"0"	"0"	"1"	"0"	"0"	"0"	"0"	"0"	"0"	"0"	"0"	"0"	"0"	"0"	"0"	"0"	"0"	"0"	"0"	"0"	"0"	"0"	"0"	"k__Bacteria"	"p__Firmicutes"	"c__Bacilli"	"o__Lactobacillales"	"f__Enterococcaceae"	"g__Enterococcus"	"s__Enterococcus_faecalis"
"6b9e78623270c37ce21f6bbe8d33b287"	"1"	"1"	"0"	"0"	"0"	"0"	"0"	"0"	"0"	"0"	"1"	"0"	"0"	"0"	"0"	"0"	"0"	"0"	"0"	"0"	"0"	"0"	"0"	"0"	"0"	"0"	"0"	"0"	"k__Bacteria"	"p__Bacteria_phylum"	"c__Bacteria_class"	"o__Bacteria_order"	"f__Bacteria_family"	"g__Bacteria_genus"	"s__Bacteria_species"
"e5b2abf02145e6d6cd85161a2928cbf7"	"1"	"1"	"0"	"0"	"0"	"0"	"0"	"0"	"0"	"0"	"1"	"0"	"0"	"0"	"0"	"0"	"0"	"0"	"0"	"0"	"0"	"0"	"0"	"0"	"0"	"0"	"0"	"0"	"k__Bacteria"	"p__Bacteria_phylum"	"c__Bacteria_class"	"o__Bacteria_order"	"f__Bacteria_family"	"g__Bacteria_genus"	"s__Bacteria_species"
"4dc815f0110cb1a640ac425a8f1a9736"	"1"	"1"	"0"	"0"	"0"	"0"	"0"	"0"	"0"	"0"	"1"	"0"	"0"	"0"	"0"	"0"	"0"	"0"	"0"	"0"	"0"	"0"	"0"	"0"	"0"	"0"	"0"	"0"	"k__Bacteria"	"p__Firmicutes"	"c__Bacilli"	"o__Bacillales"	"f__Staphylococcaceae"	"g__Staphylococcus"	"s__Staphylococcus_species"
"5717a0f05a1d89745039a754ca68869a"	"1"	"1"	"0"	"0"	"0"	"0"	"0"	"0"	"0"	"0"	"0"	"1"	"0"	"0"	"0"	"0"	"0"	"0"	"0"	"0"	"0"	"0"	"0"	"0"	"0"	"0"	"0"	"0"	"k__unassigned"	"p__unassigned"	"c__unassigned"	"o__unassigned"	"f__unassigned"	"g__unassigned"	"s__unassigned"
"b2d7b4c3699f868b623cba9e3515d575"	"1"	"1"	"0"	"0"	"0"	"0"	"0"	"0"	"0"	"0"	"0"	"1"	"0"	"0"	"0"	"0"	"0"	"0"	"0"	"0"	"0"	"0"	"0"	"0"	"0"	"0"	"0"	"0"	"k__Bacteria"	"p__Bacteria_phylum"	"c__Bacteria_class"	"o__Bacteria_order"	"f__Bacteria_family"	"g__Bacteria_genus"	"s__Bacteria_species"
"79c8f07771c06b8fe838fd675d6cee18"	"1"	"1"	"0"	"0"	"0"	"0"	"0"	"0"	"0"	"0"	"0"	"0"	"1"	"0"	"0"	"0"	"0"	"0"	"0"	"0"	"0"	"0"	"0"	"0"	"0"	"0"	"0"	"0"	"k__Bacteria"	"p__Firmicutes"	"c__Bacilli"	"o__Lactobacillales"	"f__Lactobacillales_family"	"g__Lactobacillales_genus"	"s__Lactobacillales_species"
"f39e0b63292b49f6d6b218f1edde64ba"	"1"	"1"	"0"	"0"	"0"	"0"	"0"	"0"	"0"	"0"	"0"	"0"	"0"	"1"	"0"	"0"	"0"	"0"	"0"	"0"	"0"	"0"	"0"	"0"	"0"	"0"	"0"	"0"	"k__Bacteria"	"p__Proteobacteria"	"c__Gammaproteobacteria"	"o__Pseudomonadales"	"f__Pseudomonadaceae"	"g__Pseudomonas"	"s__Pseudomonas_species"
"8c217b86fe7e661517ee394cf2897b98"	"1"	"1"	"0"	"0"	"0"	"0"	"0"	"0"	"0"	"0"	"0"	"0"	"0"	"0"	"1"	"0"	"0"	"0"	"0"	"0"	"0"	"0"	"0"	"0"	"0"	"0"	"0"	"0"	"k__Bacteria"	"p__Proteobacteria"	"c__Gammaproteobacteria"	"o__Gammaproteobacteria_order"	"f__Gammaproteobacteria_family"	"g__Gammaproteobacteria_genus"	"s__Gammaproteobacteria_species"
"5e410805b453f24eae9ec03982f430ee"	"1"	"1"	"0"	"0"	"0"	"0"	"0"	"0"	"0"	"0"	"0"	"0"	"0"	"0"	"1"	"0"	"0"	"0"	"0"	"0"	"0"	"0"	"0"	"0"	"0"	"0"	"0"	"0"	"k__Bacteria"	"p__Bacteroidetes"	"c__Bacteroidia"	"o__Bacteroidales"	"f__Porphyromonadaceae"	"g__Barnesiella"	"s__Barnesiella_intestinihominis"
"78586606881f36ef021095573440e455"	"1"	"1"	"0"	"0"	"0"	"0"	"0"	"0"	"0"	"0"	"0"	"0"	"0"	"0"	"0"	"1"	"0"	"0"	"0"	"0"	"0"	"0"	"0"	"0"	"0"	"0"	"0"	"0"	"k__Bacteria"	"p__Proteobacteria"	"c__Gammaproteobacteria"	"o__Pseudomonadales"	"f__Moraxellaceae"	"g__Acinetobacter"	"s__Acinetobacter_species"
"fe81788b38cb2ed44151d9bf539d07db"	"1"	"1"	"0"	"0"	"0"	"0"	"0"	"0"	"0"	"0"	"0"	"0"	"0"	"0"	"0"	"0"	"1"	"0"	"0"	"0"	"0"	"0"	"0"	"0"	"0"	"0"	"0"	"0"	"k__Bacteria"	"p__Firmicutes"	"c__Bacilli"	"o__Lactobacillales"	"f__Lactobacillales_family"	"g__Lactobacillales_genus"	"s__Lactobacillales_species"
"85904644721627a0c70900dca753077c"	"1"	NA	"0"	"0"	"0"	"0"	"0"	"0"	"0"	"0"	"0"	"0"	"0"	"0"	"0"	"0"	"0"	"0"	"1"	"0"	"0"	"0"	"0"	"0"	"0"	"0"	"0"	"0"	"k__Bacteria"	"p__Bacteroidetes"	"c__Bacteroidia"	"o__Bacteroidales"	"f__Porphyromonadaceae"	"g__Barnesiella"	"s__Barnesiella_intestinihominis"
"f6fa10aed4b250db4159b5d681e9e9df"	"1"	NA	"0"	"0"	"0"	"0"	"0"	"0"	"0"	"0"	"0"	"0"	"0"	"0"	"0"	"0"	"0"	"0"	"1"	"0"	"0"	"0"	"0"	"0"	"0"	"0"	"0"	"0"	"k__Bacteria"	"p__Firmicutes"	"c__Clostridia"	"o__Clostridiales"	"f__Lachnospiraceae"	"g__Lachnospiraceae NK4A136 group"	"s__Lachnospiraceae NK4A136 group_species"
"7e1c25e91afed75f00a150157f91d9ef"	"1"	NA	"0"	"0"	"0"	"0"	"0"	"0"	"0"	"0"	"0"	"0"	"0"	"0"	"0"	"0"	"0"	"0"	"1"	"0"	"0"	"0"	"0"	"0"	"0"	"0"	"0"	"0"	"k__Bacteria"	"p__Firmicutes"	"c__Clostridia"	"o__Clostridiales"	"f__Ruminococcaceae"	"g__Oscillibacter"	"s__Oscillibacter_valericigenes"
"383d1ca8d7182edc4c73a3e9f5164b88"	"1"	NA	"0"	"0"	"0"	"0"	"0"	"0"	"0"	"0"	"0"	"0"	"0"	"0"	"0"	"0"	"0"	"0"	"0"	"1"	"0"	"0"	"0"	"0"	"0"	"0"	"0"	"0"	"k__Bacteria"	"p__Firmicutes"	"c__Clostridia"	"o__Clostridiales"	"f__Lachnospiraceae"	"g__Lachnospiraceae NK4A136 group"	"s__Lachnospiraceae NK4A136 group_species"
"586f96c9994a15eeea9aa0a6d267f540"	"1"	NA	"0"	"0"	"0"	"0"	"0"	"0"	"0"	"0"	"0"	"0"	"0"	"0"	"0"	"0"	"0"	"0"	"0"	"0"	"1"	"0"	"0"	"0"	"0"	"0"	"0"	"0"	"k__Bacteria"	"p__Firmicutes"	"c__Clostridia"	"o__Clostridiales"	"f__Ruminococcaceae"	"g__Ruminiclostridium"	"s__Ruminiclostridium_leptum"
"38c38507a6f905a612dbe046078ce541"	"1"	NA	"0"	"0"	"0"	"0"	"0"	"0"	"0"	"0"	"0"	"0"	"0"	"0"	"0"	"0"	"0"	"0"	"0"	"0"	"0"	"1"	"0"	"0"	"0"	"0"	"0"	"0"	"k__Bacteria"	"p__Firmicutes"	"c__Clostridia"	"o__Clostridiales"	"f__Lachnospiraceae"	"g__Lachnospiraceae NK4A136 group"	"s__Lachnospiraceae NK4A136 group_species"
"f15963932dc688a3460afe3febf2e727"	"1"	NA	"0"	"0"	"0"	"0"	"0"	"0"	"0"	"0"	"0"	"0"	"0"	"0"	"0"	"0"	"0"	"0"	"0"	"0"	"0"	"0"	"1"	"0"	"0"	"0"	"0"	"0"	"k__Bacteria"	"p__Firmicutes"	"c__Clostridia"	"o__Clostridiales"	"f__Lachnospiraceae"	"g__Lachnospiraceae NK4A136 group"	"s__Lachnospiraceae NK4A136 group_species"
"ac19a43016422bbd1a601517fe8cab5b"	"1"	NA	"0"	"0"	"0"	"0"	"0"	"0"	"0"	"0"	"0"	"0"	"0"	"0"	"0"	"0"	"0"	"0"	"0"	"0"	"0"	"0"	"1"	"0"	"0"	"0"	"0"	"0"	"k__Bacteria"	"p__Firmicutes"	"c__Clostridia"	"o__Clostridiales"	"f__Ruminococcaceae"	"g__Ruminiclostridium"	"s__Ruminiclostridium_leptum"
"224ec77a35419db2c154a9273b0d51a0"	"1"	NA	"0"	"0"	"0"	"0"	"0"	"0"	"0"	"0"	"0"	"0"	"0"	"0"	"0"	"0"	"0"	"0"	"0"	"0"	"0"	"0"	"0"	"0"	"1"	"0"	"0"	"0"	"k__Bacteria"	"p__Firmicutes"	"c__Clostridia"	"o__Clostridiales"	"f__Ruminococcaceae"	"g__Anaerotruncus"	"s__Anaerotruncus_Species"
"4d81e001e918eb00e6ddad2bcf89a31f"	"1"	NA	"0"	"0"	"0"	"0"	"0"	"0"	"0"	"0"	"0"	"0"	"0"	"0"	"0"	"0"	"0"	"0"	"0"	"0"	"0"	"0"	"0"	"0"	"0"	"0"	"1"	"0"	"k__Bacteria"	"p__Firmicutes"	"c__Clostridia"	"o__Clostridiales"	"f__Ruminococcaceae"	"g__Ruminococcaceae_Genus"	"s__Ruminococcaceae_Species"
"356f878c63681fecb04de16985f8e676"	"1"	NA	"0"	"0"	"0"	"0"	"0"	"0"	"0"	"0"	"0"	"0"	"0"	"0"	"0"	"0"	"0"	"0"	"0"	"0"	"0"	"0"	"0"	"0"	"0"	"0"	"0"	"1"	"k__Bacteria"	"p__Bacteroidetes"	"c__Bacteroidia"	"o__Bacteroidales"	"f__Bacteroidaceae"	"g__Bacteroides"	"s__Bacteroides_species"
