wildtype_t50	wildtype_t0	mutant_t50	mutant_t0	ASV	taxonomy	seq
1	1	1	1	2b8f9fcb9ac22f54c1967728797d226b	k__Bacteria;p__Firmicutes;c__Clostridia;o__Clostridiales;f__Lachnospiraceae;g__Blautia;s__Blautia_coccoides	GGGGAATATTGCACAATGGGGGAAACCCTGATGCAGCGACGCCGCGTGAAGGAAGAAGTATCTCGGTATGTAAACTTCTATCAGCAGGGAAGAAAATGACGGTACCTGACTAAGAAGCCCCGGCTAACTACGTGCCAGCAGCCGCGGTAATACGTAGGGGGCAAGCGTTATCCGGATTTACTGGGTGTAAAGGGAGCGTAGACGGAAGAGCAAGTCTGATGTGAAAGGCTGGGGCTTAACCCCAGGACTGCATTGGAAACTGTTTTTCTAGAGTGCCGGAGAGGTAAGCGGAATTCCTAGTGTAGCGGTGAAATGCGTAGATATTAGGAGGAACACCAGTGGCGAAGGCGGCTTACTGGACGGTAACTGACGTTGAGGCTCGAAAGCGTGGGGAGCAAACAGGA
1	1	1	1	8c0f8f5ae9a48acfb96300c666eb4ccb	k__Bacteria;p__Bacteroidetes;c__Bacteroidia;o__Bacteroidales;f__Porphyromonadaceae;g__Barnesiella;s__Barnesiella_intestinihominis	GAGGAATATTGGTCAATGGGAGAGATCCTGAACCAGCCAAGCCGCGTGAGGGAAGACGGCCCTATGGGTTGTAAACCTCTTTTGTCGGAGAACAAAACCCGGGACGTGTCCCGGACTGCGTGTATCCGAAGAAAAAGCATCGGCTAACTCCGTGCCAGCAGCCGCGGTAATACGGAGGATGCGAGCGTTATCCGGATTTATTGGGTTTAAAGGGTGCGTAGGCGGTCCGTTAAGTCAGCGGTAAAATTGCGGGGCTCAACCCCGTCGAGCCGTTGAAACTGGCAGACTTGAGTTGGCGAGAAGTACGCGGAATGCGCGGTGTAGCGGTGAAATGCATAGATATCGCGCAGAACTCCGATTGCGAAGGCAGCGTACCGGCGCCAGACTGACGCTGAGGCACGAAAGCGTGGGGATCGAACAGGA
1	1	1	1	4b9344cb7f7df3d60b7ee87b9f3fca8d	k__Bacteria;p__Bacteroidetes;c__Bacteroidia;o__Bacteroidales;f__Bacteroidaceae;g__Bacteroides;s__Bacteroides_acidifaciens	GAGGAATATTGGTCAATGGACGAGAGTCTGAACCAGCCAAGTAGCGTGAAGGATGACTGCCCTATGGGTTGTAAACTTCTTTTATATGGGAATAAAACGTTCCACGTGTGGGATTTTGTATGTACCATATGAATAAGGATCGGCTAACTCCGTGCCAGCAGCCGCGGTAATACGGAGGATCCGAGCGTTATCCGGATTTATTGGGTTTAAAGGGAGCGTAGGTGGATTGTTAAGTCAGTTGTGAAAGTTTGCGGCTCAACCGTAAAATTGCAGTTGAAACTGGCAGTCTTGAGTACAGTAGAGGTGGGCGGAATTCGTGGTGTAGCGGTGAAATGCTTAGATATCACGAAGAACTCCGATTGCGAAGGCAGCTCACTGGACTGCAACTGACACTGAGGCTCGAAAGTGTGGGTATCAAACAGGA
1	1	1	1	698b23f536ae68ce6f011a0bc6097652	k__Bacteria;p__Bacteroidetes;c__Bacteroidia;o__Bacteroidales;f__Bacteroidaceae;g__Bacteroides;s__Bacteroides_acidifaciens	GAGGAATATTGGTCAATGGACGAGAGTCTGAACCAGCCAAGTAGCGTGAAGGATGACTGCCCTATGGGTTGTAAACTTCTTTTATATGGGAATAAAATGTTCCACGTGTGGGATTTTGTATGTACCATATGAATAAGGATCGGCTAACTCCGTGCCAGCAGCCGCGGTAATACGGAGGATCCGAGCGTTATCCGGATTTATTGGGTTTAAAGGGAGCGTAGGTGGATTGTTAAGTCAGTTGTGAAAGTTTGCGGCTCAACCGTAAAATTGCAGTTGAAACTGGCAGTCTTGAGTACAGTAGAGGTGGGCGGAATTCGTGGTGTAGCGGTGAAATGCTTAGATATCACGAAGAACTCCGATTGCGAAGGCAGCTCACTGGACTGCAACTGACACTGAGGCTCGAAAGTGTGGGTATCAAACAGGA
1	1	1	1	d957dba1aaa75175269ea051a8e0f9e5	k__Bacteria;p__Bacteroidetes;c__Bacteroidia;o__Bacteroidales;f__Porphyromonadaceae;g__Barnesiella;s__Barnesiella_intestinihominis	GAGGAATATTGGTCAATGGGAGAGATCCTGAACCAGCCAAGCCGCGTGAGGGAAGACGGCCCTATGGGTTGTAAACCTCTTTTGTCGGAGAACAAAACCCGGGACGTGTCCCGGACTGCGTGTATCCGAAGAAAAAGCATCGGCTAACTCCGTGCCAGCAGCCGCGGTAATACGGAGGATGCGAGCGTTATCCGGATTTATTGGGTTTAAAGGGTGCGTAGGCGGTTCGTTAAGTCAGCGGTAAAATTGCGGGGCTCAACCCCGTCGAGCCGTTGAAACTGGCAGACTTGAGTTGGCGAGAAGTACGCGGAATGCGCGGTGTAGCGGTGAAATGCATAGATATCGCGCAGAACTCCGATTGCGAAGGCAGCGTACCGGCGCCAGACTGACGCTGAGGCACGAAAGCGTGGGGATCGAACAGGA
0	1	0	1	fd21644612829208607fed1036bae62a	k__Bacteria;p__Bacteroidetes;c__Bacteroidia;o__Bacteroidales;f__Porphyromonadaceae;g__Barnesiella;s__Barnesiella_intestinihominis	GAGGAATATTGGTCAATGGGCGCGAGCCTGAACCAGCCAAGTCGCGTGAGGGAAGACGGTCCTATGGATTGTAAACCTCTTTTGTCGGGGAGCAAAAGACGCCACGCGTGGCGTTCCGAGAGTACCCGAAGAAAAAGCATCGGCTAACTCCGTGCCAGCAGCCGCGGTAATACGGAGGATGCGAGCGTTATCCGGATTTATTGGGTTTAAAGGGTGCGCAGGCGGAAGATCAAGTCAGCGGTAAAATTGAGAGGCTCAACCTCTTCGAGCCGTTGAAACTGGTTTTCTTGAGTGAGCGAGAAGTATGCGGAATGCGTGGTGTAGCGGTGAAATGCATAGATATCACGCAGAACTCCGATTGCGAAGGCAGCATACCGGCGCTCAACTGACGCTCATGCACGAAAGTGTGGGTATCGAACAGGA
1	1	1	1	64f13086e769aa61192be8858edd3d50	k__Bacteria;p__Firmicutes;c__Clostridia;o__Clostridiales;f__Lachnospiraceae;g__Blautia;s__Blautia_species	GGGGAATATTGCACAATGGGGGAAACCCTGATGCAGCGACGCCGCGTGAAGGAAGAAGTATCTCGGTATGTAAACTTCTATCAGCAGGGAAGATAATGACGGTACCTGACTAAGAAGCCCCGGCTAACTACGTGCCAGCAGCCGCGGTAATACGTAGGGGGCAAGCGTTATCCGGATTTACTGGGTGTAAAGGGAGCGTAGACGGATGGGCAAGTCTGATGTGAAAGGCAGGGGCTCAACCCCTGGACTGCATTGGAAACTGCCGGTCTTGAGTGCCGGAGAGGTAAGCGGAATTCCTAGTGTAGCGGTGAAATGCGTAGATATTAGGAGGAACACCAGTGGCGAAGGCGGCTTACTGGACGGTAACTGACGTTGAGGCTCGAAAGCGTGGGGAGCAAACAGGA
0	1	1	1	296342a3e91b22f26e3751aa3181b576	k__Bacteria;p__Actinobacteria;c__Coriobacteriia;o__Coriobacteriales;f__Atopobiaceae;g__Atopobiaceae_genus;s__Atopobiaceae_species	GGGGAATCTTGCGCAATGGGCGGAAGCCTGACGCAGCGACGCCGCGTGCGGGACGAAGGCCTTCGGGTCGTAAACCGCTTTCAGCAGGGACGAGGCCCTCACGGTGACGGTACCTGCAGAAGAAGCCCCGGCTAACTACGTGCCAGCAGCCGCGGTAATACGTAGGGGGCGAGCGTTATCCGGATTCATTGGGCGTAAAGCGCGCGTAGGCGGCCTGTTAGGTCGGGGGTCAAATACCGGGGCTCAACCCCGGTCCGCCCCCGATACCGGCAGGCTTGAGTCTGGTAGGGGAAGGCGGAATTCCCAGTGTAGCGGTGGAATGCGCAGATATTGGGAAGAACACCGGCGGCGAAGGCGGCCTTCTGGGCCACGACTGACGCTGAGGCGCGAAAGCTAGGGGAGCGAACAGGA
1	0	1	1	c4a4f90688b976f3e27a4f8f07d1fee8	k__Bacteria;p__Firmicutes;c__Clostridia;o__Clostridiales;f__Lachnospiraceae;g__Lachnoclostridium;s__Lachnoclostridium_[Clostridium]_aldenense	GGGGAATATTGCACAATGGGCGAAAGCCTGATGCAGCGACGCCGCGTGAGTGAAGAAGTATCTCGGTATGTAAAGCTCTATCAGCAGGGAAGAAAATGACGGTACCTGACTAAGAAGCCCCGGCTAACTACGTGCCAGCAGCCGCGGTAATACGTAGGGGGCAAGCGTTATCCGGATTTACTGGGTGTAAAGGGAGCGTAGACGGCGACGCAAGTCTGGAGTGAAAGCCCGGGGCCCAACCCCGGGACTGCTTTGGAAACTGTGTTGCTGGAGTGCAGGAGAGGTAAGTGGAATTCCTAGTGTAGCGGTGAAATGCGTAGATATTAGGAGGAACACCAGTGGCGAAGGCGGCTTACTGGACTGTAACTGACGTTGAGGCTCGAAAGCGTGGGGAGCAAACAGGA
1	1	0	1	a8a9ac5f4bd2a605ee0b14bee7ed1630	k__Bacteria;p__Bacteroidetes;c__Bacteroidia;o__Bacteroidales;f__Porphyromonadaceae;g__Barnesiella;s__Barnesiella_intestinihominis	GAGGAATATTGGTCAATGGGAGAGATCCTGAACCAGCCAAGCCGCGTGAGGGAAGACGGCCCTATGGGTTGTAAACCTCTTTTGTCGGAGAACAAAACCCGGGACGTGTCCCGGACTGCGTGTATCCGAAGAAAAAGCATCGGCTAACTCCGTGCCAGCAGCCGCGGTAATACGGAGGATGCGAGCGTTATCCGGATTTATTGGGTTTAAAGGGTGCGTAGGCGGTCTGTTAAGTCAGCGGTAAAATTGCGGGGCTCAACCCCGTCGAGCCGTTGAAACTGGCAGACTTGAGTTGGCGAGAAGTACGCGGAATGCGCGGTGTAGCGGTGAAATGCATAGATATCGCGCAGAACTCCGATTGCGAAGGCAGCGTACCGGCGCCAGACTGACGCTGAGGCACGAAAGCGTGGGGATCGAACAGGA
1	1	1	1	0c56b03f829bb68a0d579ac6ad8f0360	k__Bacteria;p__Bacteroidetes;c__Bacteroidia;o__Bacteroidales;f__Porphyromonadaceae;g__Porphyromonadaceae_genus;s__Porphyromonadaceae_species	GAGGAATATTGGTCAATGGGCGGGAGCCTGAACCAGCCAAGTCGCGTGAGGGAAGACGGTCCTATGGATTGTAAACCTCTTTTGCCGGGGAGCAACGGGGTCCTTGCGAGGGCCTAATGAGAGTACCCGGAGAAAAAGCATCGGCTAACTCCGTGCCAGCAGCCGCGGTAATACGGAGGATGCGAGCGTTATCCGGATTTATTGGGTTTAAAGGGTGCGTAGGCGGGCTGTTAAGTCAGCGGTCAAATGTCGGGGCTCAACCCCGGCCTGCCGTTGAAACTGGCGGCCTCGAGTGGGCGAGAAGTATGCGGAATGCGTGGTGTAGCGGTGAAATGCATAGATATCACGCAGAACTCCGATTGCGAAGGCAGCATACCGGCGCCCTACTGACGCTGAGGCACGAAAGCGTGGGTATCGAACAGGA
1	0	1	1	54cc824edef7f2b56b3a0443ab6953a8	k__Bacteria;p__Firmicutes;c__Clostridia;o__Clostridiales;f__Clostridiaceae;g__Clostridium;s__Clostridium_species	GGGGAATATTGCACAATGGGGGAAACCCTGATGCAGCAACGCCGCGTGAGTGATGACGGCCTTCGGGTTGTAAAGCTCTGTCTTCAGGGACGATAATGACGGTACCTGAGGAGGAAGCCACGGCTAACTACGTGCCAGCAGCCGCGGTAATACGTAGGTGGCGAGCGTTGTCCGGATTTACTGGGCGTAAAGGGAGCGTAGGCGGACTTTTAAGTGAGATGTGAAATACTCGGGCTCAACTTGAGTGCTGCATTTCAAACTGGAAGTCTAGAGTGCAGGAGAGGAGAATGGAATTCCTAGTGTAGCGGTGAAATGCGTAGAGATTAGGAAGAACACCAGTGGCGAAGGCGATTCTCTGGACTGTAACTGACGCTGAGGCTCGAAAGCGTGGGGAGCAAACAGGA
1	1	0	1	724519b862901b853748b408ae5eebf3	k__Bacteria;p__Bacteroidetes;c__Bacteroidia;o__Bacteroidales;f__Porphyromonadaceae;g__Barnesiella;s__Barnesiella_intestinihominis	GAGGAATATTGGTCAATGGGCGGGAGCCTGAACCAGCCAAGTCGCGTGAGGGATGACGGTCCTATGGGTTGTAAACCTCTTTTGCCGGGGAGCAAAGTGCCGCACGTGTGCGGTTTGGAGAGTACCCGGAGAAAAAGCATCGGCTAACTCCGTGCCAGCAGCCGCGGTAATACGGAGGATGCGAGCGTTATCCGGATTTATTGGGTTTAAAGGGTGCGTAGGCGGACGCTTAAGTCAGCGGTAAAATTGCGGGGCTCAACCTCGTCGAGCCGTTGAAACTGGGTGCCTTGAGTGGGCGAGAAGTACGCGGAATGCGTGGTGTAGCGGTGAAATGCATAGATATCACGCAGAACTCCGATTGCGAAGGCAGCGTACCGGCGCCCTACTGACGCTGAAGCACGAAGGCGTGGGTATCGAACAGGA
1	1	1	1	5d75be8c33fd4dba5cbef03619980f80	k__Bacteria;p__Bacteroidetes;c__Bacteroidia;o__Bacteroidales;f__Porphyromonadaceae;g__Barnesiella;s__Barnesiella_intestinihominis	GAGGAATATTGGTCAATGGGCGCGAGCCTGAACCAGCCAAGTCGCGTGAGGGAGGACGGCCCTACGGGTTGTAAACCTCTTTTGCCGGGGAGCAACGGGCGCCACGTGTGGCGCCACTGAGAGTACCCGGAGAAAAAGCATCGGCTAACTCCGTGCCAGCAGCCGCGGTAATACGGAGGATGCGAGCGTTATCCGGATTTATTGGGTTTAAAGGGTGCGTAGGCGGATCGTTAAGTCAGTGGTCAAATTGAGGGGCTCAACCCCTTCCCGCCATTGAAACTGGCGATCTTGAGTGGAAGAGAAGTATGCGGAATGCGTGGTGTAGCGGTGAAATGCATAGATATCACGCAGAACCCCGATTGCGAAGGCAGCATGCCGGCTTCCTACTGACGCTGAAGCACGAAAGCGTGGGGATCGAACAGGA
1	1	0	1	20505e37905ac1fbe5632055e2f03760	k__Bacteria;p__Bacteroidetes;c__Bacteroidia;o__Bacteroidales;f__Porphyromonadaceae;g__Barnesiella;s__Barnesiella_intestinihominis	GAGGAATATTGGTCAATGGGCGAGAGCCTGAACCAGCCAAGTCGCGTGAAGGATGACGGCCCTACGGGTTGTAAACTTCTTTTGTCAGGGAGCAATTGGGTCCACGTGTGGGCTTAGCGAGAGTACCTGAAGAAAAAGCATCGGCTAACTCCGTGCCAGCAGCCGCGGTAATACGGAGGATGCGAGCGTTATCCGGATTTATTGGGTTTAAAGGGTGCGTAGGCGGAATATCAAGTCAGCGGTAAAAATTCGGGGCTCAACCCCGTCGTGCCGTTGAAACTGATGTTCTTGAGTGGGCGAGAAGTATGCGGAATGCGTGGTGTAGCGGTGAAATGCATAGATATCACGCAGAACTCCGATTGCGAAGGCAGCATACCGGCGCCCAACTGACGCTGAAGCACGAAAGCGTGGGTATCGAACAGGA
1	1	1	1	da1a68f05c06cbd2ea1d7b72c4abc499	k__Bacteria;p__Firmicutes;c__Clostridia;o__Clostridiales;f__Lachnospiraceae;g__Lachnoclostridium;s__Lachnoclostridium_[Clostridium]_bolteae	GGGGAATATTGCACAATGGGCGAAAGCCTGATGCAGCGACGCCGCGTGAGTGAAGAAGTATTTCGGTATGTAAAGCTCTATCAGCAGGGAAGAAAATGACGGTACCTGACTAAGAAGCCCCGGCTAACTACGTGCCAGCAGCCGCGGTAATACGTAGGGGGCAAGCGTTATCCGGATTTACTGGGTGTAAAGGGAGCGTAGACGGCGAAGCAAGTCTGAAGTGAAAACCCAGGGCTCAACCCTGGGACTGCTTTGGAAACTGTTTTGCTAGAGTGTCGGAGAGGTAAGTGGAATTCCTAGTGTAGCGGTGAAATGCGTAGATATTAGGAGGAACACCAGTGGCGAAGGCGGCTTACTGGACGATAACTGACGTTGAGGCTCGAAAGCGTGGGGAGCAAACAGGA
1	0	1	1	61c8f2a7e666072c967e280581a4348c	k__Bacteria;p__Firmicutes;c__Clostridia;o__Clostridiales;f__Lachnospiraceae;g__Lachnoclostridium;s__Lachnoclostridium_[Clostridium]_aldenense	GGGGAATATTGCACAATGGGCGGAAGCCTGATGCAGCGACGCCGCGTGAGTGAAGAAGTATCTCGGTATGTAAAGCTCTATCAGCAGGGAAGAAAATGACGGTACCTGACTAAGAAGCCCCGGCTAACTACGTGCCAGCAGCCGCGGTAATACGTAGGGGGCAAGCGTTATCCGGATTTACTGGGTGTAAAGGGAGCGTAGACGGCGACGCAAGTCTGGAGTGAAAGCCCGGGGCCCAACCCCGGGACTGCTTTGGAAACTGTGCTGCTGGAGTGCAGGAGAGGTAAGTGGAATTCCTAGTGTAGCGGTGAAATGCGTAGATATTAGGAGGAACACCAGTGGCGAAGGCGGCTTACTGGACTGTAACTGACGTTGAGGCTCGAAAGCGTGGGGAGCAAACAGGA
1	1	1	1	6242b11a213a50cace40577d8ccd0a91	k__Bacteria;p__Deferribacteres;c__Deferribacteres;o__Deferribacterales;f__Deferribacteraceae;g__Mucispirillum;s__Mucispirillum_schaedleri	GGGGAATTTTGCGCAATGCTCGTAAGAGTGACGCAGCGACGCCGCGTGAATGACGAAGGCCTTCGGGTCGTAAAGTTCTTTCGACAGGGAAGAAAATGCCTATAAGTAACTGTGTATGTATTGACGGTACCTGTATAAGCAGCCCCGGCTAACTCCGTGCCAGCAGCCGCGGTAATACGGAGGGGGCGAGCGTTGTTCGGAGTGACTGGGCGTAAAGAGCACGTAGGCGGTGTTGTAAGTCATTAGTCAAAGACTAGAGCTCAACTTTAGTAAGGCTAGTGATACTATAATACTAGAGTATCAGAGAGGATTGCAGAATTCCTGGTGTAGCGGTGAAATGCGTAGATATCAGGAGGAATACCGTTAGCGAAGGCGGCAATCTGGCTGGAAACTGACGCTGAGGTGCGAAAGCGTGGGTAGCAAACAGGA
1	1	0	1	ff3dcbe6124cbaf8898d4e691d7f03ef	k__Bacteria;p__Firmicutes;c__Clostridia;o__Clostridiales;f__Ruminococcaceae;g__Ruminiclostridium;s__Ruminiclostridium_leptum	GAGGGATATTGGTCAATGGGGGAAACCCTGAACCAGCAACGCCGCGTGAGGGAAGACGGTTTTCGGATTGTAAACCTCTGTCCTCTGTGAAGATAATGACGGTAGCAGAGGAGGAAGCTCCGGCTAACTACGTGCCAGCAGCCGCGGTAATACGTAGGGAGCGAGCGTTGTCCGGATTTACTGGGTGTAAAGGGTGCGTAGGCGGGTAAGCAAGTCAGAAGTGAAATCCATGGGCTTAACCCATGAACTGCTTTTGAAACTGTTTATCTTGAGTGAAGTAGAGGTAGGCGGAATTCCCGGTGTAGCGGTGAAATGCGTAGAGATCGGGAGGAACACCAGTGGCGAAGGCGGCCTACTGGGCTTTAACTGACGCTGAAGCACGAAAGCGTGGGTAGCAAACAGGA
1	1	0	1	0527ce45cef4889c6e6076c867403064	k__Bacteria;p__Bacteroidetes;c__Bacteroidia;o__Bacteroidales;f__Porphyromonadaceae;g__Barnesiella;s__Barnesiella_intestinihominis	GAGGAATATTGGTCAATGGGCGGGAGCCTGAACCAGCCAAGTCGCGTGAGGGATGACGGCCCTATGGGTTGTAAACCTCTTTTGCCGGGGAGCAAAGTGCCGCACGTGTGCGGTTTGGAGAGTACCCGGAGAAAAAGCATCGGCTAACTCCGTGCCAGCAGCCGCGGTAATACGGAGGATGCGAGCGTTATCCGGATTTATTGGGTTTAAAGGGTGCGTAGGCGGACGCTTAAGTCAGCGGTAAAATTGCGGGGCTCAACCTCGTCGAGCCGTTGAAACTGGGTGCCTTGAGTGGGCGAGAAGTACGCGGAATGCGTGGTGTAGCGGTGAAATGCATAGATATCACGCAGAACTCCGATTGCGAAGGCAGCGTACCGGCGCCCTACTGACGCTGAAGCACGAAGGCGTGGGTATCGAACAGGA
1	1	1	1	d4143e7d225d8fe9cd5f081b62e7b813	k__Bacteria;p__Bacteroidetes;c__Bacteroidia;o__Bacteroidales;f__Porphyromonadaceae;g__Barnesiella;s__Barnesiella_intestinihominis	GAGGAATATTGGTCAATGGGCGCGAGCCTGAACCAGCCAAGTCGCGTGAGGGAGGACGGCCCTACGGGTTGTAAACCTCTTTTGCCGGGGAGCAACGGGCGTCACGTGTGGCGCCACTGAGAGTACCCGGAGAAAAAGCATCGGCTAACTCCGTGCCAGCAGCCGCGGTAATACGGAGGATGCGAGCGTTATCCGGATTTATTGGGTTTAAAGGGTGCGTAGGCGGATCGTTAAGTCAGTGGTCAAATTGAGGGGCTCAACCCCTTCCCGCCATTGAAACTGGCGATCTTGAGTGGAAGAGAAGTATGCGGAATGCGTGGTGTAGCGGTGAAATGCATAGATATCACGCAGAACCCCGATTGCGAAGGCAGCATGCCGGCTTCCTACTGACGCTGAAGCACGAAAGCGTGGGGATCGAACAGGA
0	1	0	1	45f4cf503842ba79c8a805bd18caf41f	k__Bacteria;p__Bacteroidetes;c__Bacteroidia;o__Bacteroidales;f__Rikenellaceae;g__Alistipes;s__Alistipes_shahii	GAGGAATATTGGTCAATGGACGGAAGTCTGAACCAGCCATGCCGCGTGCAGGAAGACGGCTCTATGAGTTGTAAACTGCTTTTGTACAAGGGTAAACCTGAATACGTGTATTCAGCTGAAAGTACTGTACGAATAAGGATCGGCTAACTCCGTGCCAGCAGCCGCGGTAATACGGAGGATCCAAGCGTTATCCGGATTTATTGGGTTTAAAGGGTGCGTAGGCGGATTGATAAGTTAGAGGTGAAATGTCCGAGCTCAACTCGGGAACTGCCTCTAATACTGTTGATCTAGAGAGTAGATGCGGTAGGCGGAATGTATGGTGTAGCGGTGAAATGCTTAGAGATCATACAGAACACCGATTGCGAAGGCAGCTTACCAATCTATATCTGACGTTGAGGCACGAAAGCGTGGGGAGCAAACAGGA
1	0	1	1	309a34582a3c760fcb52d150082466a6	k__Bacteria;p__Firmicutes;c__Clostridia;o__Clostridiales;f__Lachnospiraceae;g__Lachnoclostridium;s__Lachnoclostridium_species	GGGGAATATTGCACAATGGGCGGAAGCCTGATGCAGCGACGCCGCGTGAGTGAAGAAGTATCTCGGTATGTAAAGCTCTATCAGCAGGGAAGAAAATGACGGTACCTGACTAAGAAGCCCCGGCTAACTACGTGCCAGCAGCCGCGGTAATACGTAGGGGGCAAGCGTTATCCGGATTTACTGGGTGTAAAGGGAGCGTAGACGGCGGCACAAGTCTGGAGTGAAAGCCCGGGGCCCAACCCCGGGACTGCTTTGGAAACTGTGCTGCTGGAGTGCAGGAGAGGTAAGTGGAATTCCTAGTGTAGCGGTGAAATGCGTAGATATTAGGAGGAACACCAGTGGCGAAGGCGGCTTACTGGACTGTAACTGACGTTGAGGCTCGAAAGCGTGGGGAGCAAACAGGA
1	0	1	1	2b39586624acbce7322d7a25932d66af	k__Bacteria;p__Firmicutes;c__Clostridia;o__Clostridiales;f__Lachnospiraceae;g__Lachnospiraceae NK4A136 group;s__Lachnospiraceae NK4A136 group_species	GGGGAATATTGCACAATGGGGGAAACCCTGATGCAGCGACGCCGCGTGAGTGAAGAAGTATCTCGGTACGTAAAGCTCTATCAGCAGGGAAGAAAATGACGGTACCTGACTAAGAAGCCCCGGCTAACTACGTGCCAGCAGCCGCGGTAATACGTAGGGGGCAAGCGTTATCCGGATTTACTGGGTGTAAAGGGAGCGTAGACGGCAGCACAAGTCTGGAGTGAAATCCCGGGGCTTAACCCCGGAACTGCTTTGGAAACTGTGCGGCTGGAGTGCAGGAGGGGTAAGCGGAATTCCTAGTGTAGCGGTGAAATGCGTAGATATTAGGAGGAACACCGGTGGCGAAGGCGGCTTACTGGACTGTAACTGACGTTGAGGCTCGAAAGCGTGGGGAGCAAACAGGA
0	1	0	1	2f4851f5f60017fd8fc3a9a181882c62	k__Bacteria;p__Firmicutes;c__Clostridia;o__Clostridiales;f__Ruminococcaceae;g__Ruminiclostridium;s__Ruminiclostridium_leptum	GAGGGATATTGGTCAATGGGGGAAACCCTGAACCAGCAACGCCGCGTGAGGGAAGACGGTTTTCGGATTGTAAACCTCTGTCCTCTGTGAAGATGATGACGGTAGCAGAGGAGGAAGCTCCGGCTAACTACGTGCCAGCAGCCGCGGTAATACGTAGGGAGCAAGCGTTGTCCGGATTTACTGGGTGTAAAGGGTGCGTAGGCGGCTTTGCAAGTCAGAAGTGAAATCCATGGGCTTAACCCATGAACTGCTTTTGAAACTGCAGAGCTTGAGTGGAGTAGAGGTAGGCGGAATTCCCGGTGTAGCGGTGAAATGCGTAGAGATCGGGAGGAACACCAGTGGCGAAGGCGGCCTGCTGGGCTCTAACTGACGCTGAGGCACGAAAGCGTGGGTAGCAAACAGGA
1	1	0	1	a39308335ae90984e2e3b1f67520000e	k__Bacteria;p__Bacteroidetes;c__Bacteroidia;o__Bacteroidales;f__Porphyromonadaceae;g__Barnesiella;s__Barnesiella_intestinihominis	GAGGAATATTGGTCAATGGGCGGGAGCCTGAACCAGCCAAGTCGCGTGAGGGATGACGGCCCTATGGGTTGTAAACCTCTTTTGCCGGGGAGCAAAGTGCCGCACGTGTGCGGTTTGGAGAGTACCCGGAGAAAAAGCATCGGCTAACTCCGTGCCAGCAGCCGCGGTAATACGGAGGATGCGAGCGTTATCCGGATTTATTGGGTTTAAAGGGTGCGTAGGCGGACGCTTAAGTCAGCGGTAAAATTGCGGGGCTCAACCTCGTCGAGCCGTTGAAACTGGGTGCCTTGAGTGGGCGAGAAGTACGCGGAATGCGTGGTGTAGCGGTGAAATGCATAGATATCACGCAGAACTCCGATTGCGAAGGCAGCGTACCGGCGCCCAACTGACGCTGAAGCACGAAGGCGTGGGTATCGAACAGGA
1	0	1	1	abe6ee474863fbd49dbac3b38929d906	k__Bacteria;p__Bacteroidetes;c__Bacteroidia;o__Bacteroidales;f__Porphyromonadaceae;g__Barnesiella;s__Barnesiella_intestinihominis	GAGGAATATTGGTCAATGGGCGCGAGCCTGAACCAGCCAAGTCGCGTGAGGGAGGACGGCCCTACGGGTTGTAAACCTCTTTTGCCGGGGAGCAACGGGCGTCACGTGTGGCGCCACTGAGAGTACCCGGAGAAAAAGCATCGGCTAACTCCGTGCCAGCAGCCGCGGTAATACGGAGGATGCGAGCGTTATCCGGATTTATTGGGTTTAAAGGGTGCGTAGGCGGATCGTTAAGTCAGTGGTCAAATTGAGGGGCTCAACCCCTTCCCGCCATTGAAACTGGCGATCTTGAGTGGAAGAGAAGTATGCGGAATGCGTGGTGTAGCGGTGAAATGCATAGATATCACGCAGAACCCCGATTGCGAAGGCAGCATGCCGGCTTCCGACTGACGCTGAAGCACGAAAGCGTGGGGATCGAACAGGA
0	1	0	1	555462718b923f15597b558dcbcaef13	k__Bacteria;p__Bacteroidetes;c__Bacteroidia;o__Bacteroidales;f__Porphyromonadaceae;g__Barnesiella;s__Barnesiella_intestinihominis	GAGGAATATTGGTCAATGGGCGGGAGCCTGAACCAGCCAAGTCGCGTGAGGGAAGACGGTCCTATGGATTGTAAACCTCTTTAGGCGGGGAGCAATGCCGGGCACGCGTGCCCGGAGGGAGAGTACCCGCAGAATAAGCATCGGCTAACTCCGTGCCAGCAGCCGCGGTAATACGGAGGATGCGAGCGTTATCCGGATTTATTGGGTTTAAAGGGTGCGTAGGCGGATTTTTAAGTCAGCGGTAAAATGTCCGGGCTCAACCCGGGCCGGCCGTTGAAACTGGGGATCTTGAGTGGGCGAGAAGTATGCGGAATGCGTGGTGTAGCGGTGAAATGCATAGATATCACGCAGAACTCCGATTGCGAAGGCAGCATACCGGCGCCCGACTGACGCTGAGGCACGAAAGCGTGGGGATCGAACAGGA
1	1	1	1	61b755fd979bba3055d2d576fda57010	k__Bacteria;p__Bacteroidetes;c__Bacteroidia;o__Bacteroidales;f__Porphyromonadaceae;g__Porphyromonadaceae_genus;s__Porphyromonadaceae_species	GAGGAATATTGGTCAATGGGCGGGAGCCTGAACCAGCCAAGTCGCGTGAGGGAAGACGGTCCTACGGATTGTAAACCTCTTTTGCCGGGGAGCAACGGGGTCCTTGCGAGGGCCCAATGAGAGTACCCGGAGAAAAAGCATCGGCTAACTCCGTGCCAGCAGCCGCGGTAATACGGAGGATGCGAGCGTTATCCGGATTTATTGGGTTTAAAGGGTGCGTAGGCGGGCTGTTAAGTCAGCGGTCAAATGTCGGGGCTCAACCCCGGCCTGCCGTTGAAACTGGCGGCCTCGAGTGGGCGAGAAGTATGCGGAATGCGTGGTGTAGCGGTGAAATGCATAGATATCACGCAGAACTCCGATTGCGAAGGCAGCATACCGGCGCCCGACTGACGCTGAGGCACGAAAGCGTGGGTATCGAACAGGA
1	1	0	1	b02f21744b954ad639eb29b4986c5dd1	k__Bacteria;p__Bacteroidetes;c__Bacteroidia;o__Bacteroidales;f__Porphyromonadaceae;g__Barnesiella;s__Barnesiella_intestinihominis	GAGGAATATTGGTCAATGGGCGAGAGCCTGAACCAGCCAAGTCGCGTGAAGGATGACGGCCCTACGGGTTGTAAACTTCTTTTGTCAGGGAGCAATTGGGTCCACGCGTGGGCTTAGCGAGAGTACCTGAAGAAAAAGCATCGGCTAACTCCGTGCCAGCAGCCGCGGTAATACGGAGGATGCGAGCGTTATCCGGATTTATTGGGTTTAAAGGGTGCGTAGGCGGAATATCAAGTCAGCGGTAAAAATTCGGGGCTCAACCCCGTCGTGCCGTTGAAACTGATGTTCTTGAGTGGGCGAGAAGTATGCGGAATGCGTGGTGTAGCGGTGAAATGCATAGATATCACGCAGAACTCCGATTGCGAAGGCAGCATACCGGCGCCCAACTGACGCTGAAGCACGAAAGCGTGGGTATCGAACAGGA
1	0	1	1	2249b597062b877e1b7170c3b4b84815	k__Bacteria;p__Firmicutes;c__Clostridia;o__Clostridiales;f__Clostridiales_vadinBB60_group;g__Clostridiales_vadinBB60_group_Genus;s__Clostridiales_vadinBB60_group_Species	GGGGAATATTGGGCAATGGAGGAAACTCTGACCCAGCAATGCCGCGTGAATGAAGAAGGTCTTCGGATTGTAAAGTTCTTTAGTTAGGGAAGAATAAAATGACGGTACCTAAAGAATAAGCCCCGGCTAACTACGTGCCAGCAGCCGCGGTAATACGTAGGGGGCAAGCGTTGTTCGGAATGACTGGGCGTAAAGGGTGCGTAGGCGGTAGTACAAGTTAGAAGTGAAATACCCAGGGCTTAACTCGGGTGCTGCTTCTAAAACTGTACGACTTGAGTGCAGTAGAGGTTAGTGGAATTCCTAGTGTAGCGGTGGAATGCGTAGATATTAGGAGGAACACCAGAGGCGAAGGCGGCTAACTGGACTGTAACTGACGCTGAGGCACGAAAGTGTGGGGAGCAAACAGGA
0	0	1	1	6afd0b866cd5e22da5e67643a0096c84	k__Bacteria;p__Firmicutes;c__Clostridia;o__Clostridiales;f__Clostridiaceae;g__Clostridium;s__Clostridium_disporicum	GGGGAATATTGCACAATGGGGGAAACCCTGATGCAGCAACGCCGCGTGAGTGATGACGGCCTTCGGGTTGTAAAGCTCTGTCTTCAGGGACGATAATGACGGTACCTGAGGAGGAAGCCACGGCTAACTACGTGCCAGCAGCCGCGGTAATACGTAGGTGGCGAGCGTTGTCCGGATTTACTGGGCGTAAAGGGAGCGTAGGCGGACTTTTAAGTGAGATGTGAAATACTCGGGCTCAACTTGAGTGCTGCATTTCAAACTGGAAGTCTAGAGTGCAGGAGAGGAGAATGGAATTCTTAGTGTAGCGGTGAAATGCGTAGAGATTAGGAAGAACACCAGTGGCGAAGGCGATTCTCTGGACTGTAACTGACGCTGAGGCTCGAAAGCGTGGGGAGCAAACAGGA
1	0	1	1	11227db9cbe7f514e886cf29fa9616c5	k__Bacteria;p__Firmicutes;c__Clostridia;o__Clostridiales;f__Clostridiales_vadinBB60_group;g__Clostridiales_vadinBB60_group_Genus;s__Clostridiales_vadinBB60_group_Species	GGGGAATATTGGGCAATGGAGGCAACTCTGACCCAGCAACGCCGCGTGAATGATGAAGGTCTTCGGATTGTAAAGTTCTTTTCTAAGGGAAGAAGAAAGTGACGGTACCTTAGGAATAAGCCTCGGCTAACTACGTGCCAGCAGCCGCGGTAATACGTAGGAGGCAAGCGTTATCCGGAATGACTGGGCGTAAAGGGTGCGTAGGTGGTTTGACAAGTTAGTAGCGCAACTCCGGAGCTCAACTTCGGAACTACTACTAAAACTGTTGGACTTGAGTGCAGGAGGGGCAATCGGAATTCCTAGTGTAGCGGTGGAATGCGTAGATATTAGGAGGAACACCAGTGGCGAAGGCGGATTGCTAGACTGTAACTGACACTGAGGCACGAAAGCGTGGGGAGCAAACAGGA
0	1	0	1	ec22215b531bdfa9a974860e83d8b221	k__Bacteria;p__Firmicutes;c__Clostridia;o__Clostridiales;f__Ruminococcaceae;g__Ruminiclostridium;s__Ruminiclostridium_leptum	GAGGGATATTGGTCAATGGGGGAAACCCTGAACCAGCAACGCCGCGTGAGGGAAGACGGTTTTCGGATTGTAAACCTCTGTCCTCTGTGAAGATGATGACGGTAGCAGAGGAGGAAGCTCCGGCTAACTACGTGCCAGCAGCCGCGGTAATACGTAGGGAGCAAGCGTTGTCCGGATTTACTGGGTGTAAAGGGTGCGTAGGCGGCTTTGCAAGTCAGAAGTGAAATCCATGGGCTCAACCCATGAACTGCTTTTGAAACTGCAGAGCTTGAGTGGAGTAGAGGTAGGCGGAATTCCCGGTGTAGCGGTGAAATGCGTAGAGATCGGGAGGAACACCAGTGGCGAAGGCGGCCTGCTGGGCTCTAACTGACGCTGAGGCACGAAAGCGTGGGTAGCAAACAGGA
0	0	1	1	9af75dd96a35449044458b8daf72196f	k__Bacteria;p__Firmicutes;c__Clostridia;o__Clostridiales;f__Lachnospiraceae;g__Lachnoclostridium;s__Lachnoclostridium_polysaccharolyticum	GGGGAATATTGCACAATGGGGGAAACCCTGATGCAGCGACGCCGCGTGAGTGAAGAAGTATTTCGGTATGTAAAGCTCTATCAGCAGGGAAGAAAATGACGGTACCTGACTAAGAAGCCCCGGCTAACTACGTGCCAGCAGCCGCGGTAATACGTAGGGGGCAAGCGTTATCCGGATTTACTGGGTGTAAAGGGAGCGTAGACGGTGATGCAAGTCAGAAGTGAAAGCCCGGGGCTCAACTCCGGGACTGCTTTTGAAACTGTGTAACTGGAGTGCAGGAGAGGTAAGCGGAATTCCTGGTGTAGCGGTGAAATGCGTAGATATCAGGAGGAACACCAGTGGCGAAGGCGGCTTACTGGACTGTAACTGACGTTGAGGCTCGAAAGCGTGGGGAGCAAACAGGA
1	1	0	1	285eab5244cb0c9fca00d68cbb6f1053	k__Bacteria;p__Bacteroidetes;c__Bacteroidia;o__Bacteroidales;f__Porphyromonadaceae;g__Barnesiella;s__Barnesiella_intestinihominis	GAGGAATATTGGTCAATGGGCGGAAGCCTGAACCAGCCAAGTCGCGTGAGGGAATAAGGCCCTACGGGTCGTAAACCTCTTTTGCCGGGGAGCAAGGGCCGGGACGTGTCCCGGCCCGGAGAGTACCCGGAGAAAAAGCATCGGCTAACTCCGTGCCAGCAGCCGCGGTAATACGGAGGATGCGAGCGTTATCCGGATTTATTGGGTTTAAAGGGTGCGTAGGCGGGCTTTTAAGTCAGCGGTAAAAATTCGGGGCTCAACCCCGTCCGGCCGTTGAAACTGGGGGCCTTGAGTGGGCGAGAAGAAGGCGGAATGCGTGGTGTAGCGGTGAAATGCATAGATATCACGCAGAACCCCGATTGCGAAGGCAGCCTTCCGGCGCCCTACTGACGCTGAGGCACGAAAGTGCGGGGATCGAACAGGA
0	1	0	1	8b9b1615f600434fad43d1e763544792	k__Bacteria;p__Bacteroidetes;c__Bacteroidia;o__Bacteroidales;f__Porphyromonadaceae;g__Barnesiella;s__Barnesiella_species	GAGGAATATTGGTCAATGGGCGCGAGCCTGAACCAGCCAAGTCGCGTGAGGGATGACGGCCCTACGGGTTGTAAACCTCTTTTGTCGGGGAGCAAATTCCGCCACGTGTGGCGGAGTCGAGAGTACCCGAAGAAAAAGCATCGGCTAACTCCGTGCCAGCAGCCGCGGTAATACGGAGGATGCGAGCGTTATCCGGATTTATTGGGTTTAAAGGGTGCGTAGGCGGACTGTCAAGTCAGCGGTAAAATACGGGGGCTCAACCTCCGCCCGCCGTTGAAACTGACGGTCTTGAGTGGGCGAGAAGTATGCGGAATGCGTGGTGTAGCGGTGAAATGCATAGATATCACGCAGAACTCCGATTGCGAAGGCAGCATACCGGCGCCCAACTGACGCTGAAGCACGAAAGCGTGGGTATCGAACAGGA
1	1	1	1	4232f33396f6f68693c39622ea25dade	k__Bacteria;p__Firmicutes;c__Clostridia;o__Clostridiales;f__Ruminococcaceae;g__Ruminiclostridium;s__Ruminiclostridium_leptum	GAGGGATATTGGTCAATGGGGGAAACCCTGAACCAGCAACGCCGCGTGAGGGAAGACGGTTTTCGGATTGTAAACCTCTGTCCTCTGTGAAGATAATGACGGTAGCAGAGGAGGAAGCTCCGGCTAACTACGTGCCAGCAGCCGCGGTAATACGTAGGGAGCAAGCGTTGTCCGGATTTACTGGGTGTAAAGGGTGCGTAGGCGGGCTTGCAAGTCAGAAGTGAAATCTATGGGCTTAACCCATAAACTGCTTTTGAAACTGTAAGTCTTGAGTGAAGTAGAGGTAGGCGGAATTCCCGGTGTAGCGGTGAAATGCGTAGAGATCGGGAGGAACACCAGTGGCGAAGGCGGCCTACTGGGCTTTAACTGACGCTGAGGCACGAAAGCGTGGGTAGCAAACAGGA
0	0	0	1	7bb2998114eff0ccc874ab0ae8150c68	k__unassigned;p__unassigned;c__unassigned;o__unassigned;f__unassigned;g__unassigned;s__unassigned	GAGGAATATTGGTCAATGGGCGGAAGCCTGAACCAGCCAAGTCGCGTGAGGGATTAAGGCCCTGCGGGTCGTAAACCTCTTTTGCCGGGGAGCAGTGGTCCGGACGCGTCCGGACCGGGAGAGTACCCGGAGAAAAAGCATCGGCTAACTCCGTGCCAGCAGCCGCGGTAATACGGAGGATGCGAGCGTTATCCGGATTTATTGGGTTTAAAGGGTGCGTAGGCGGGCATTTAAGCCGGCGGTCAAATGTCGGGGCTCAACCCCGGCCTGCCGTCGGAACTGGGTGCCTTGAGTGGGCGAGAAGTATGCGGAATGCGTGGTGTAGCGGTGAAATGCATAGATATCACGCAGAACCCCGATTGCGAAGGCAGCATACCGGCGCCCTACTGACGCTGAGGCACGAAAGTGCGGGTATCGAACAGGA
0	1	0	1	ec32e0727facfad3d742a3d3adf0fb86	k__Bacteria;p__Firmicutes;c__Clostridia;o__Clostridiales;f__Ruminococcaceae;g__Ruminiclostridium;s__Ruminiclostridium_leptum	GAGGGATATTGGTCAATGGGGGAAACCCTGAACCAGCAACGCCGCGTGAGGGAAGACGGTTTTCGGATTGTAAACCTCTGTCCTCTGTGAAGATAATGACGGTAGCAGAGGAGGAAGCTCCGGCTAACTACGTGCCAGCAGCCGCGGTAATACGTAGGGAGCAAGCGTTGTCCGGATTTACTGGGTGTAAAGGGTGCGTAGGCGGCTTTGCAAGTCAGAAGTGAAATCCATGGGCTTAACCCATGAACTGCTTTTGAAACTGCAGAGCTTGAGTGGAGTAGAGGTAGGCGGAATTCCCGGTGTAGCGGTGAAATGCGTAGAGATCGGGAGGAACACCAGTGGCGAAGGCGGCCTGCTGGGCTCTAACTGACGCTGAGGCACGAAAGCGTGGGTAGCAAACAGGA
1	1	0	1	309baad14534e9ccc9496e0456901835	k__Bacteria;p__Bacteroidetes;c__Bacteroidia;o__Bacteroidales;f__Porphyromonadaceae;g__Barnesiella;s__Barnesiella_intestinihominis	GAGGAATATTGGTCAATGGGCGGAAGCCTGAACCAGCCAAGTCGCGTGAGGGAATAAGGCCCTACGGGTCGTAAACCTCTTTTGCCGGGGAGCAAGGGCCGGGACGAGTCCCGGCCCGGAGAGTACCCGGAGAAAAAGCATCGGCTAACTCCGTGCCAGCAGCCGCGGTAATACGGAGGATGCGAGCGTTATCCGGATTTATTGGGTTTAAAGGGTGCGTAGGCGGGCTTTTAAGTCAGCGGTAAAAATTCGGGGCTCAACCCCGTCCGGCCGTTGAAACTGGGGGCCTTGAGTGGGCGAGAAGAAGGCGGAATGCGTGGTGTAGCGGTGAAATGCATAGATATCACGCAGAACCCCGATTGCGAAGGCAGCCTTCCGGCGCCCTACTGACGCTGAGGCACGAAAGTGCGGGGATCGAACAGGA
1	1	1	1	f53e2d8132d37b540b41cecda9c89578	k__Bacteria;p__Firmicutes;c__Clostridia;o__Clostridiales;f__Ruminococcaceae;g__Ruminococcaceae_Genus;s__Ruminococcaceae_Species	GGGGAATATTGCACAATGGGGGAAACCCTGATGCAGCGACGCCGCGTGAGGGAAGAAGGTTTTCGGATTGTAAACCTCTGTCTTTGGTGACGAAAGATGACGGTAGCCAAAGAGGAAGCTACGGCTAACTACGTGCCAGCAGCCGCGGTAATACGTAGGTGGCAAGCGTTGTCCGGAATTACTGGGTGTAAAGGGAGCGTAGGCGGGAAGACAAGTTGAATGTTTAAACTATCGGCTCAACCGATAATCGCGTTCAAAACTGTTTTTCTTGAGTGAAGTAGAGGCAGGCGGAATTCCTAGTGTAGCGGTGAAATGCGTAGATATTAGGAGGAACACCAGTGGCGAAGGCGGCCTGCTGGGCTTTAACTGACGCTGAGGCTCGAAAGCGTGGGTAGCAAACAGGA
0	0	1	1	15b3e797738876a351bd0a89b1abe10a	k__Bacteria;p__Firmicutes;c__Clostridia;o__Clostridiales;f__Lachnospiraceae;g__Lachnoclostridium;s__Lachnoclostridium_species	GGGGAATATTGCACAATGGGGGAAACCCTGATGCAGCGACGCCGCGTGAGCGATGAAGTATTTCGGTATGTAAAGCTCTATCAGCAGGGAAGAAAATGACGGTACCTGACTAAGAAGCCCCGGCTAACTACGTGCCAGCAGCCGCGGTAATACGTAGGGGGCAAGCGTTATCCGGATTTACTGGGTGTAAAGGGAGCGTAGACGGCATGGCAAGCCAGATGTGAAATACCGGGGCTCAACCCCGGGACTGCATTTGGAACTGTTAAGCTGGAGTGTCGGAGAGGCAGGCGGAATTCCTAGTGTAGCGGTGAAATGCGTAGATATTAGGAGGAACACCAGTGGCGAAGGCGGCCTGCTGGACGATGACTGACGTTGAGGCTCGAAAGCGTGGGGAGCAAACAGGA
0	1	0	1	a923a08573839813e6e8b1653b7b44f4	k__Bacteria;p__Bacteroidetes;c__Bacteroidia;o__Bacteroidales;f__Rikenellaceae;g__Alistipes;s__Alistipes_putredinis	GAGGAATATTGGTCAATGGACGCAAGTCTGAACCAGCCATGCCGCGTGCAGGATGACGGCTCTATGAGTTGTAAACTGCTTTTGTACGAGGGTAAACCCCGATACGTGTATCGGGTTGAAAGTATCGTACGAATAAGGATCGGCTAACTCCGTGCCAGCAGCCGCGGTAATACGGAGGATCCGAGCGTTATCCGGATTTATTGGGTTTAAAGGGTGCGTAGGCGGTTTGATAAGTTAGAGGTGAAATGTCGGGGCTCAACCCCGAAACTGCCTCTAATACTGTTGGACTAGAGAATAGTTGCGGTAGGCGGAATGTATGGTGTAGCGGTGAAATGCTTAGAGATCATACAGAACACCGATTGCGAAGGCAGCTTACCAAACTATATCTGACGTTGAGGCACGAAAGCGTGGGTAGCAAACAGGA
0	1	0	1	542c347286168d1ad84d8d2644e01dc6	k__Bacteria;p__Bacteroidetes;c__Bacteroidia;o__Bacteroidales;f__Porphyromonadaceae;g__Barnesiella;s__Barnesiella_intestinihominis	GAGGAATATTGGTCAATGGGCGGGAGCCTGAACCAGCCAAGTCGCGTGAGGGAAGACGGTCCTATGGATTGTAAACCTCTTTTGTCAGGGAGCAATTCCCGCCACGCGTGGCGGGAGGGAGAGTACCTGAAGAAAAAGCATCGGCTAACTCCGTGCCAGCAGCCGCGGTAATACGGAGGATGCGAGCGTTATCCGGATTTATTGGGTTTAAAGGGTGCGTAGGCGGAGTGCCAAGTCAGCGGTAAAAATTCGGGGCTCAACCCCGTCGTGCCGTTGAAACTGGCGCCCTTGAGTGGGCGAGAAGTATGCGGAATGCGTGGTGTAGCGGTGAAATGCATAGATATCACGCAGAACCCCGATTGCGAAGGCAGCATACCGGCGCCCTACTGACGCTGAAGCACGAAAGCGTGGGTATCGAACAGGA
0	1	0	1	03e8bec44ba1d30e576dab507a829b1f	k__Bacteria;p__Bacteroidetes;c__Bacteroidia;o__Bacteroidales;f__Porphyromonadaceae;g__Barnesiella;s__Barnesiella_intestinihominis	GAGGAATATTGGTCAATGGGCGGTAGCCTGAACCAGCCAAGTCGCGTGAGGGAAGACGGTCCTATGGATTGTAAACCTCTTTTGTCAGGGAGCAATTCCCGCCACGTGTGGCGGGAGGGAGAGTACCTGAAGAAAAAGCATCGGCTAACTCCGTGCCAGCAGCCGCGGTAATACGGAGGATGCGAGCGTTATCCGGATTTATTGGGTTTAAAGGGTGCGTAGGCGGAGTGCCAAGTCAGCGGTAAAAATTCGGGGCTCAACCCCGTCGTGCCGTTGAAACTGGCGCCCTTGAGTGGGCGAGAAGTATGCGGAATGCGTGGTGTAGCGGTGAAATGCATAGATATCACGCAGAACCCCGATTGCGAAGGCAGCATACCGGCGCCCGACTGACGCTGAAGCACGAAAGCGTGGGTATCGAACAGGA
1	1	0	1	84cac0b5bd258b484e1159a85994eb33	k__Bacteria;p__Bacteroidetes;c__Bacteroidia;o__Bacteroidales;f__Porphyromonadaceae;g__Barnesiella;s__Barnesiella_intestinihominis	GAGGAATATTGGTCAATGGGCGAGAGCCTGAACCAGCCAAGTCGCGTGAAGGATGACGGCCCTACGGGTTGTAAACTTCTTTTGTCAGGGAGCAATTGAGTCCACGTGTGGGCTTAGCGAGAGTACCTGAAGAAAAAGCATCGGCTAACTCCGTGCCAGCAGCCGCGGTAATACGGAGGATGCGAGCGTTATCCGGATTTATTGGGTTTAAAGGGTGCGTAGGCGGAATATCAAGTCAGCGGTAAAAATTCGGGGCTCAACCCCGTCGTGCCGTTGAAACTGATGTTCTTGAGTGGGCGAGAAGTATGCGGAATGCGTGGTGTAGCGGTGAAATGCATAGATATCACGCAGAACTCCGATTGCGAAGGCAGCATACCGGCGCCCAACTGACGCTGAAGCACGAAAGCGTGGGTATCGAACAGGA
0	0	1	1	fa0be75a6f388fda421af065ba77afbf	k__Bacteria;p__Firmicutes;c__Clostridia;o__Clostridiales;f__Lachnospiraceae;g__Lachnoclostridium;s__Lachnoclostridium_species	GGGGAATATTGCACAATGGGGGAAACCCTGATGCAGCGACGCCGCGTGAGCGATGAAGTATTTCGGTATGTAAAGCTCTATCAGCAGGGAAGAAAATGACGGTACCTGACTAAGAAGCCCCGGCTAACTACGTGCCAGCAGCCGCGGTAATACGTAGGGGGCAAGCGTTATCCGGATTTACTGGGTGTAAAGGGAGCGTAGACGGCTGTGCAAGCCAGATGTGAAAGCCCGGGGCTCAACCCCGGGACTGCATTTGGAACTGTGTAGCTGGAGTGTCGGAGAGGCAGGCGGAATTCCTAGTGTAGCGGTGAAATGCGTAGATATTAGGAGGAACACCAGTGGCGAAGGCGGCCTGCTGGACGATGACTGACGTTGAGGCTCGAAAGCGTGGGGAGCAAACAGGA
1	1	0	1	f37ed76464585fad2031d55bb6990d86	k__Bacteria;p__Bacteroidetes;c__Bacteroidia;o__Bacteroidales;f__Porphyromonadaceae;g__Barnesiella;s__Barnesiella_intestinihominis	GAGGAATATTGGTCAATGGGCGGAAGCCTGAACCAGCCAAGTCGCGTGAGGGAATAAGGCCCTACGGGTCGTAAACCTCTTTTGCCGGGGAGCAATGGCCGGGACGCGTCCCGGCCCGGAGAGTACCCGGAGAAAAAGCATCGGCTAACTCCGTGCCAGCAGCCGCGGTAATACGGAGGATGCGAGCGTTATCCGGATTTATTGGGTTTAAAGGGTGCGTAGGCGGGCTTTTAAGTCAGCGGTAAAAATTCGGGGCTCAACCCCGTCCGGCCGTTGAAACTGGGGGCCTTGAGTGGGCGAGAAGAAGGCGGAATGCGTGGTGTAGCGGTGAAATGCATAGATATCACGCAGAACCCCGATTGCGAAGGCAGCCTTCCGGCGCCCTACTGACGCTGAGGCACGAAAGTGCGGGGATCGAACAGGA
0	0	1	1	96af05d9a24ac42c9a2fe9720edf3b85	k__Bacteria;p__Firmicutes;c__Clostridia;o__Clostridiales;f__Lachnospiraceae;g__Lachnospiraceae_NK4A136_group;s__Lachnospiraceae_NK4A136_group_Species	GGGGAATATTGCACAATGGGGGAAACCCTGATGCAGCGACGCCGCGTGAGTGAAGAAGTAATTCGTTATGTAAAGCTCTATCAGCAGGGAAGAAAATGACGGTACCTGAGTAAGAAGCCCCGGCTAACTACGTGCCAGCAGCCGCGGTAATACGTAGGGGGCAAGCGTTATCCGGATTTACTGGGTGTAAAGGGAGCGTAGACGGCAGTGCAAGTCTGGAGTGAAAGGCGGGGGCTCAACCCCCGGACTGCTCTGGAAACTGTACGGCTGGAGTGCAGGAGAGGTAAGTGGAATTCCTAGTGTAGCGGTGAAATGCGTAGATATTAGGAGGAACACCAGTGGCGAAGGCGGCTTACTGGACTGTAACTGACGTTGAGGCTCGAAAGCGTGGGGAGCAAACAGGA
0	1	0	1	d53b17476b2afe1a7c7a21ca946395e9	k__Bacteria;p__Bacteroidetes;c__Bacteroidia;o__Bacteroidales;f__Bacteroidales_family;g__Bacteroidales_genus;s__Bacteroidales_species	GAGGAATATTGGTCAATGGGCGGAAGCCTGAACCAGCCAAGTCGCGTGAGGGATTAAGGCCCTGCGGGTCGTAAACCTCTTTTGCCGGGGAGCAGTGGTCCGGACGCGTCCGGGCCGGGAGAGTACCCGGAGAAAAAGCATCGGCTAACTCCGTGCCAGCAGCCGCGGTAATACGGAGGATGCGAGCGTTATCCGGATTTATTGGGTTTAAAGGGTGCGTAGGCGGGCATTTAAGCCGGCGGTCAAATGTCGGGGCTCAACCCCGGCCTGCCGTCGGAACTGGGTGCCTTGAGTGGGCGAGAAGTATGCGGAATGCGTGGTGTAGCGGTGAAATGCATAGATATCACGCAGAACCCCGATTGCGAAGGCAGCATACCGGCGCCCTACTGACGCTGAGGCACGAAAGTGCGGGTATCGAACAGGA
1	1	1	1	88a4abe161399fb663f20a3249edd2c6	k__Bacteria;p__Firmicutes;c__Bacilli;o__Lactobacillales;f__Aerococcaceae;g__Aerococcus;s__Aerococcus_viridans	AGGGAATCTTCCGCAATGGGCGAAAGCCTGACGGAGCAATGCCGCGTGAGTGAAGAAGGCCTTCGGGTCGTAAAACTCTGTTATAAGAGAAGAACAAATTGTAGAGTAACTGCTACAGTCTTGACGGTATCTTATCAGAAAGCCACGGCTAACTACGTGCCAGCAGCCGCGGTAATACGTAGGTGGCAAGCGTTGTCCGGATTTATTGGGCGTAAAGGGAGCGCAGGTGGTTTCTTAAGTCTGATGTGAAAGCCCACGGCTTAACCGTGGAGGGTCATTGGAAACTGGGAAACTTGAGTACAGAAGAGGAATGTGGAACTCCATGTGTAGCGGTGGAATGCGTAGATATATGGAAGAACACCAGTGGCGAAGGCGACATTCTGGTCTGTTACTGACACTGAGGCTCGAAAGCGTGGGGAGCAAACAGGA
0	0	1	1	9b79fd8687a91c9e9b0fe5107d1bf300	k__Bacteria;p__Firmicutes;c__Clostridia;o__Clostridiales;f__Ruminococcaceae;g__Ruminococcaceae_Genus;s__Ruminococcaceae_Species	GGGGGATATTGCACAATGGGGGAAACCCTGATGCAGCGACGCCGCGTGAGGGAAGACGGTTTTCGGATTGTAAACCTCTGTCTTTGGGGACGAATTGAGACGGTACCCAAGGAGGAAGCTCCGGCTAACTACGTGCCAGCAGCCGCGGTAATACGTAGGGAGCAAGCGTTGTCCGGAATTACTGGGTGTAAAGGGAGCGTAGGCGGGATAGTAAGTTGATTGTTAAAACTATCGGCTCAACTGGTAGATGCGATCAAAACTGCAATTCTTGAGTGAAGTAGAGGCAGGCGGAATTCCTAGTGTAGCGGTGAAATGCGTAGATATTAGGAGGAACACCAGTGGCGAAGGCGGCCTGCTGGGCTTTAACTGACGCTGAGGCTCGAAAGTGTGGGTAGCAAACAGGA
0	1	0	1	8b23573fc98a28197ed02c530aba7a4a	k__Bacteria;p__Bacteroidetes;c__Bacteroidia;o__Bacteroidales;f__Porphyromonadaceae;g__Barnesiella;s__Barnesiella_intestinihominis	GAGGAATATTGGTCAATGGGCGGAAGCCTGAACCAGCCAAGTCGCGTGAGGGAATAAGGCCCTACGGGTCGTAAACCTCTTTTGCCGGGGAGCAAGGGCCGGGACGCGTCCCGGCCCGGAGAGTACCCGGAGAAAAAGCATCGGCTAACTCCGTGCCAGCAGCCGCGGTAATACGGAGGATGCGAGCGTTATCCGGATTTATTGGGTTTAAAGGGTGCGTAGGCGGGCTTTTAAGTCAGCGGTAAAAATTCGGGGCTCAACCCCGTCCGGCCGTTGAAACTGGGGGTCTTGAGTGGGCGAGAAGAAGGCGGAATGCGTGGTGTAGCGGTGAAATGCATAGATATCACGCAGAACCCCGATTGCGAAGGCAGCCTTCCGGCGCCCTACTGACGCTGAGGCACGAAAGTGCGGGGATCGAACAGGA
0	1	0	1	1920f42a8b247ef18c5e5986feb7c6a8	k__Bacteria;p__Firmicutes;c__Clostridia;o__Clostridiales;f__Ruminococcaceae;g__Ruminiclostridium;s__Ruminiclostridium_leptum	GAGGGATATTGGTCAATGGGGGAAACCCTGAACCAGCAACGCCGCGTGAGGGAAGACGGTTTTCGGATTGTAAACCTCTGTCCTCTGTGAAGATAATGACGGTAGCAGAGGAGGAAGCTCCGGCTAACTACGTGCCAGCAGCCGCGGTAATACGTAGGGAGCAAGCGTTGTCCGGATTTACTGGGTGTAAAGGGTGCGTAGGCGGCCTTGCAAGTCAGAAGTGAAATCCATGGGCTTAACCCGTGAACTGCTTTTGAAACTGTAGGGCTTGAGTGAAGTAGAGGCAGGCGGAATTCCCGGTGTAGCGGTGAAATGCGTAGAGATCGGGAGGAACACCAGTGGCGAAGGCGGCCTGCTGGGCTTTAACTGACGCTGAAGCACGAAAGCGTGGGTAGCAAACAGGA
0	1	0	1	cde83bf36b27bbe493c06f3f024f9e83	k__Bacteria;p__Firmicutes;c__Clostridia;o__Clostridiales;f__Ruminococcaceae;g__Anaerobacterium;s__Anaerobacterium_chartisolvens	GGGGAATATTGCGCAATGGGGGCAACCCTGACGCAGCAACGCCGCGTGCAGGAAGAAGGTCTTCGGATTGTAAACTGTTGTCGCAGGGGAAGAAGACAGTGACGGTACCCTGTGAGAAAGTCACGGCTAACTACGTGCCAGCAGCCGCGGTAATACGTAGGTGACAAGCGTTGTCCGGATTTACTGGGTGTAAAGGGCGCGTAGGCGGGATAGCAAGTCAGTCGTGAAATGCCGAGGCTTAACCTCGGAGCTGCGATTGAAACTGTTATTCTTGAGTATCGGAGAGGAAAGCGGAATTCCTAGTGTAGCGGTGAAATGCGTAGATATTAGGAGGAACACCAGTGGCGAAGGCGGCTTTCTGGACGACAACTGACGCTGAGGCGCGAAAGTGTGGGGAGCAAACAGGA
1	1	1	1	ff2c64ded51bdfc792648dca80a3d375	k__Bacteria;p__Firmicutes;c__Clostridia;o__Clostridiales;f__Peptostreptococcaceae;g__Intestinibacter;s__Intestinibacter_bartlettii	GGGGAATATTGCACAATGGGCGAAAGCCTGATGCAGCAACGCCGCGTGAGCGATGAAGGCCTTCGGGTCGTAAAGCTCTGTCCTCAAGGAAGATAATGACGGTACTTGAGGAGGAAGCCCCGGCTAACTACGTGCCAGCAGCCGCGGTAATACGTAGGGGGCTAGCGTTATCCGGAATTACTGGGCGTAAAGGGTGCGTAGGTGGTTTCTTAAGTCAGAGGTGAAAGGCTACGGCTCAACCGTAGTAAGCCTTTGAAACTGGGAAACTTGAGTGCAGGAGAGGAGAGTGGAATTCCTAGTGTAGCGGTGAAATGCGTAGATATTAGGAGGAACACCAGTTGCGAAGGCGGCTCTCTGGACTGTAACTGACACTGAGGCACGAAAGCGTGGGGAGCAAACAGGA
1	1	1	1	b82d74b25885f9b7554f0d2c127ec8a4	k__Bacteria;p__Firmicutes;c__Bacilli;o__Lactobacillales;f__Streptococcaceae;g__Streptococcus;s__Streptococcus_species	AGGGAATCTTCGGCAATGGGGGCAACCCTGACCGAGCAACGCCGCGTGAGTGAAGAAGGTTTTCGGATCGTAAAGCTCTGTTGTAAGTCAAGAACGGGTGTGAGAGTGGAAAGTTCACACTGTGACGGTAGCTTACCAGAAAGGGACGGCTAACTACGTGCCAGCAGCCGCGGTAATACGTAGGTCCCGAGCGTTGTCCGGATTTATTGGGCGTAAAGCGAGCGCAGGCGGTTTGATAAGTCTGAAGTTAAAGGCTGTGGCTCAACCATAGTTCGCTTTGGAAACTGTCAAACTTGAGTGCAGAAGGGGAGAGTGGAATTCCATGTGTAGCGGTGAAATGCGTAGATATATGGAGGAACACCGGTGGCGAAAGCGGCTCTCTGGTCTGTAACTGACGCTGAGGCTCGAAAGCGTGGGGAGCGAACAGGA
0	1	0	1	dc9d6ac3e74968c29d3cd1b5b3307625	k__Bacteria;p__Firmicutes;c__Clostridia;o__Clostridiales;f__Ruminococcaceae;g__Ruminiclostridium;s__Ruminiclostridium_leptum	AAGGGATATTGGTCAATGGGGGAAACCCTGAACCAGCAACGCCGCGTGAGGGAAGACGGTTTTCGGATTGTAAACCTCTGTCCTCTGTGAAGATGATGACGGTAGCAGAGGAGGAAGCTCCGGCTAACTACGTGCCAGCAGCCGCGGTAATACGTAGGGAGCGAGCGTTGTCCGGATTTACTGGGTGTAAAGGGTGCGTAGGCGGCTATGCAAGTCAGTAGTGAAATCCATGGGCTTAACCCATGAACTGCTATTGAAACTGCACAGCTTGAGTGAAGTAGAGGTAGGCGGAATTCCCGGTGTAGCGGTGAAATGCGTAGAGATCGGGAGGAACACCAGTGGCGAAGGCGGCCTACTGGGCTTTAACTGACGCTGAGGCACGAAAGCGTGGGTAGCAAACAGGA
1	1	0	1	0cd10b2c127970352522a8306f20c2e6	k__Bacteria;p__Bacteroidetes;c__Bacteroidia;o__Bacteroidales;f__Porphyromonadaceae;g__Barnesiella;s__Barnesiella_intestinihominis	GAGGAATATTGGTCAATGGGAGAGATCCTGAACCAGCCAAGCCGCGTGAGGGAAGACGGCCCTATGGGTTGTAAACCTCTTTTGTCGGAGAACAAAACCCGGGACGTGTCCCGGACTGCGTGTATCCGAAGAAAAAGCATCGGCTAACTCCGTGCCAGCAGCCGCGGTAATACGGAGGATGCGAGCGTTATCCGGATTTATTGGGTTTAAAGGGTGCGTAGGCGGGCTTTTAAGTCAGCGGTAAAAATTCGGGGCTCAACCCCGTCCGGCCGTTGAAACTGGGGGCCTTGAGTGGGCGAGAAGAAGGCGGAATGCGTGGTGTAGCGGTGAAATGCATAGATATCACGCAGAACCCCGATTGCGAAGGCAGCCTTCCGGCGCCCTACTGACGCTGAGGCACGAAAGTGCGGGGATCGAACAGGA
0	0	0	1	f07c029b7dab4a0901156be1c9af0c86	k__Bacteria;p__Bacteroidetes;c__Bacteroidia;o__Bacteroidales;f__Porphyromonadaceae;g__Barnesiella;s__Barnesiella_intestinihominis	GAGGAATATTGGTCAATGGGCGGGAGCCTGAACCAGCCAAGTCGCGTGAGGGAAGACGGTCCTACGGATTGTAAACCTCTTTTGCCGGGGAGCAACGGGGTCCTTGCGAGGGCCTTATGAGAGTACCCGGAGAAAAAGCATCGGCTAACTCCGTGCCAGCAGCCGCGGTAATACGGAGGATGCGAGCGTTATCCGGATTTATTGGGTTTAAAGGGTGCGTAGGCGGGCTGTTAAGTCAGCGGTCAAATGTCGGGGCTCAACCCCGGCCTGCCGTTGAAACTGGCGGCCTCGAGTGGGCGAGAAGTATGCGGAATGCGTGGTGTAGCGGTGAAATGCATAGATATCACGCAGAACTCCGATTGCGAAGGCAGCATACCGGCGCCCGACTGACGCTGAGGCACGAAAGCGTGGGTATCGAACAGGA
0	0	0	1	e9fd87f2f6db0a1a794a9b505a2aa815	k__Bacteria;p__Actinobacteria;c__Actinobacteria;o__Bifidobacteriales;f__Bifidobacteriaceae;g__Bifidobacterium;s__Bifidobacterium_animalis	GGGGAATATTGCACAATGGGCGCAAGCCTGATGCAGCGACGCCGCGTGCGGGATGGAGGCCTTCGGGTTGTAAACCGCTTTTGTTCAAGGGCAAGGCACGGCTTCGGGCCGTGTTGAGTGGATTGTTCGAATAAGCACCGGCTAACTACGTGCCAGCAGCCGCGGTAATACGTAGGGTGCGAGCGTTATCCGGATTTATTGGGCGTAAAGGGCTCGTAGGCGGTTCGTCGCGTCCGGTGTGAAAGTCCATCGCCTAACGGTGGATCTGCGCCGGGTACGGGCGGGCTGGAGTGCGGTAGGGGAGACTGGAATTCCCGGTGTAACGGTGGAATGTGTAGATATCGGGAAGAACACCAATGGCGAAGGCAGGTCTCTGGGCCGTTACTGACGCTGAGGAGCGAAAGCGTGGGGAGCGAACAGGA
0	1	0	1	2591f729f6b9cbe26197c02b2ccc4a36	k__Bacteria;p__Firmicutes;c__Clostridia;o__Clostridiales;f__Ruminococcaceae;g__Ruminococcaceae_genus;s__Ruminococcaceae_species	GGGGAATATTGGTCAATGGGGGAAACCCTGAACCAGCGACGCCGCGTGAGGGAAGAAGGTCTTCGGATTGTAAACCTCTGTCTTTGGGGACGAAACAATGACGGTACCCAAGGAGGAAGCCACGGCTAACTACGTGCCAGCAGCCGCGGTAATACGTAGGTGGCAAGCGTTGTCCGGAATTACTGGGTGTAAAGGGAGCGTAGGCGGGGCGGCAAGCAAAATGTGAAACTGATCGGCTCAACCGGTCATTGCGTTTTGAACTGTCGCTCTTGAGTGAAGTAGAGGCAGGCGGAATTCCTAGTGTAGCGGTGAAATGCGTAGATATTAGGAGGAACACCAGTGGCGAAGGCGGCCTGCTGGGCTTTTACTGACGCTGAGGCTCGAAAGTGTGGGTAGCAAACAGGA
0	1	0	1	200584a91c33910a320a0516155b5fc7	k__unassigned;p__unassigned;c__unassigned;o__unassigned;f__unassigned;g__unassigned;s__unassigned	GAGGAATATTGGTCAATGGGCGGAAGCCTGAACCAGCCAAGTCGCGTGAGGGATTAAGGCCCTGCGGGTCGTAAACCTCTTTTGCCGGGGAGCAGTGGTCCGGACGCGTCCGGGCCGGGAGAGTACCCGGAGAAAAAGCATCGGCTAACTCCGTGCCAGCAGCCGCGGTAATACGGAGGATGCGAGCGTTATCCGGATTTATTGGGTTTAAAGGGTGCGTAGGCGGGCATTTAAGCCGGCGGTCAAATGTCGGGGCTCAACCCCGGCCTGCCGTCGGAACTGGGTGCCTTGAGTGGGCGAGAAGTATGCGGAATGCGTGGTGTAGCGGTGAAATGCATAGATATCACGCAGAACCCCGATTGCGAAGGCAGCATACCGGCGCCCGACTGACGCTGAGGCACGAAAGTGCGGGTATCGAACAGGA
0	1	0	1	bf154b6648426fb85c58fa200ae86946	k__unassigned;p__unassigned;c__unassigned;o__unassigned;f__unassigned;g__unassigned;s__unassigned	GAGGAATATTGGTCAATGGGCGGAAGCCTGAACCAGCCAAGTCGCGTGAGGGATTAAGGCCCTGCGGGTCGTAAACCTCTTTTGCCGGGGAGCAGTGGTCCGGACGCGTCCGGACCGGGAGAGTACCCGGAGAAAAAGCATCGGCTAACTCCGTGCCAGCAGCCGCGGTAATACGGAGGATGCGAGCGTTATCCGGATTTATTGGGTTTAAAGGGTGCGTAGGCGGGCATTTAAGCCGGCGGTCAAATGTCGGGGCTCAACCCCGGCCTGCCGTCGGAACTGGGTGCCTTGAGTGGGCGAGAAGTATGCGGAATGCGTGGTGTAGCGGTGAAATGCATAGATATCACGCAGAACCCCGATTGCGAAGGCAGCATACCGGCGCCCGACTGACGCTGAGGCACGAAAGTGCGGGTATCGAACAGGA
1	1	1	1	de38e8e17d9c8f260f6dbb99561881ab	k__Bacteria;p__Firmicutes;c__Clostridia;o__Clostridiales;f__Peptostreptococcaceae;g__Peptostreptococcaceae_genus;s__Peptostreptococcaceae_species	GGGGAATATTGCACAATGGGCGAAAGCCTGATGCAGCAACGCCGCGTGAGCGATGAAGGCCTTCGGGTCGTAAAGCTCTGTCCTCAAGGAAGATAATGACGGTACTTGAGGAGGAAGCCCCGGCTAACTACGTGCCAGCAGCCGCGGTAATACGTAGGGGGCTAGCGTTATCCGGAATTACTGGGCGTAAAGGGTGCGTAGGCGGTCTTTCAAGCCAGAAGTGAAAGGCTACGGCTCAACCGTAGTAAGCTTTTGGAACTGTAAGACTTGAGTGCAGGAGAGGAGAGTGGAATTCCTAGTGTAGCGGTGAAATGCGTAGATATTAGGAGGAACACCAGTAGCGAAGGCGGCTCTCTGGACTGTAACTGACGCTGAGGCACGAAAGCGTGGGGAGCAAACAGGA
1	1	1	1	2535950da4f5ce2e05509946880e1912	k__Bacteria;p__Firmicutes;c__Bacilli;o__Lactobacillales;f__Streptococcaceae;g__Lactococcus;s__Lactococcus_lactis	AGGGAATCTTCGGCAATGGACGAAAGTCTGACCGAGCAACGCCGCGTGAGTGAAGAAGGTTTTCGGATCGTAAAACTCTGTTGGTAGAGAAGAACGTTGGTGAGAGTGGAAAGCTCATCAAGTGACGGTAACTACCCAGAAAGGGACGGCTAACTACGTGCCAGCAGCCGCGGTAATACGTAGGTCCCGAGCGTTGTCCGGATTTATTGGGCGTAAAGCGAGCGCAGGTGGTTTATTAAGTCTGGTGTAAAAGGCAGTGGCTCAACCATTGTATGCATTGGAAACTGGTAGACTTGAGTGCAGGAGAGGAGAGTGGAATTCCATGTGTAGCGGTGAAATGCGTAGATATATGGAGGAACACCGGTGGCGAAAGCGGCTCTCTGGCCTGTAACTGACACTGAGGCTCGAAAGCGTGGGGAGCAAACAGGA
0	0	1	1	b2b03eea2ff7871e9b7ad6f952dde99d	k__Bacteria;p__Proteobacteria;c__Gammaproteobacteria;o__Enterobacteriales;f__Enterobacteriaceae;g__Serratia;s__Serratia_nematodiphila	GGGGAATATTGCACAATGGGCGCAAGCCTGATGCAGCCATGCCGCGTGTGTGAAGAAGGCCTTCGGGTTGTAAAGCACTTTCAGCGAGGAGGAAGGTGGTGAGCTTAATACGCTCATCAATTGACGTTACTCGCAGAAGAAGCACCGGCTAACTCCGTGCCAGCAGCCGCGGTAATACGGAGGGTGCAAGCGTTAATCGGAATTACTGGGCGTAAAGCGCACGCAGGCGGTTTGTTAAGTCAGATGTGAAATCCCCGGGCTCAACCTGGGAACTGCATTTGAAACTGGCAAGCTAGAGTCTCGTAGAGGGGGGTAGAATTCCAGGTGTAGCGGTGAAATGCGTAGAGATCTGGAGGAATACCGGTGGCGAAGGCGGCCCCCTGGACGAAGACTGACGCTCAGGTGCGAAAGCGTGGGGAGCAAACAGGA
0	1	0	1	0d109417a46caf8ac20756013619d138	k__Bacteria;p__Firmicutes;c__Clostridia;o__Clostridiales;f__Ruminococcaceae;g__Ruminiclostridium;s__Ruminiclostridium_leptum	AAGGGATATTGGTCAATGGGGGAAACCTTGAACCAGCAACGCCGCGTGAGGGAAGACGGTTTTCGGATTGTAAACCTCTGTCCTCTGTGAAGATGATGACGGTAGCAGAGGAGGAAGCTCCGGCTAACTACGTGCCAGCAGCCGCGGTAATACGTAGGGAGCGAGCGTTGTCCGGATTTACTGGGTGTAAAGGGTGCGTAGGCGGCTATGCAAGTCAGTAGTGAAATCCATGGGCTTAACCCATGAACTGCTATTGAAACTGCACAGCTTGAGTGAAGTAGAGGTAGGCGGAATTCCCGGTGTAGCGGTGAAATGCGTAGAGATCGGGAGGAACACCAGTGGCGAAGGCGGCCTACTGGGCTTTAACTGACGCTGAGGCACGAAAGCGTGGGTAGCAAACAGGA
1	1	1	1	b7176533054c4a045208143afd50f67b	k__Bacteria;p__Proteobacteria;c__Gammaproteobacteria;o__Pseudomonadales;f__Moraxellaceae;g__Acinetobacter;s__Acinetobacter_species	GGGGAATATTGGACAATGGGGGGAACCCTGATCCAGCCATGCCGCGTGTGTGAAGAAGGCCTTTTGGTTGTAAAGCACTTTAAGCGAGGAGGAGGAGCTCTTGGTTAATACCCAAGATGCTTGGACGTTACTCGCAGAATAAGCACCGGCTAACTCTGTGCCAGCAGCCGCGGTAATACAGAGGGTGCAAGCGTTAATCGGATTTACTGGGCGTAAAGCGCGCGTAGGTGGCCAATTAAGTCAAATGTGAAATCCCCGAGCTTAACTTGGGAATTGCATTCGATACTGGTTGGCTAGAGTATGGGAGAGGATGGTAGAATTCCAGGTGTAGCGGTGAAATGCGTAGAGATCTGGAGGAATACCGATGGCGAAGGCAGCCATCTGGCCTAATACTGACACTGAGGTGCGAAAGCATGGGGAGCAAACAGGA
1	1	1	1	542870b5c028dea2cf7adbddcf28f104	k__Bacteria;p__Proteobacteria;c__Gammaproteobacteria;o__Pseudomonadales;f__Pseudomonadaceae;g__Pseudomonas;s__Pseudomonas_species	GGGGAATATTGGACAATGGGCGAAAGCCTGATCCAGCCATGCCGCGTGTGTGAAGAAGGTCTTCGGATTGTAAAGCACTTTAAGTTGGGAGGAAGGGCAGTAAGCTAATACCTTGCTGTTTTGACGTTACCGACAGAATAAGCACCGGCTAACTTCGTGCCAGCAGCCGCGGTAATACGAAGGGTGCAAGCGTTAATCGGAATTACTGGGCGTAAAGCGCGCGTAGGTGGTTCGTTAAGTTGGATGTGAAAGCCCCGGGCTCAACCTGGGAACTGCATCCAAAACTGGCGAGCTAGAGTACGGTAGAGGGTGGTGGAATTTCCTGTGTAGCGGTGAAATGCGTAGATATAGGAAGGAACACCAGTGGCGAAGGCGACCACCTGGACTGATACTGACACTGAGGTGCGAAAGCGTGGGGAGCAAACAGGA
1	1	1	1	09e64bf0e07c9a7959b90f5bb78d63b2	k__Bacteria;p__Firmicutes;c__Bacilli;o__Bacillales;f__Staphylococcaceae;g__Staphylococcus;s__Staphylococcus_species	AGGGAATCTTCCGCAATGGGCGAAAGCCTGACGGAGCAACGCCGCGTGAGTGATGAAGGTCTTCGGATCGTAAAACTCTGTTATTAGGGAAGAACATATGTGTAAGTAACTGTGCACATCTTGACGGTACCTAATCAGAAAGCCACGGCTAACTACGTGCCAGCAGCCGCGGTAATACGTAGGTGGCAAGCGTTATCCGGAATTATTGGGCGTAAAGCGCGCGTAGGCGGTTTTTTAAGTCTGATGTGAAAGCCCACGGCTCAACCGTGGAGGGTCATTGGAAACTGGAAAACTTGAGTGCAGAAGAGGAAAGTGGAATTCCATGTGTAGCGGTGAAATGCGCAGAGATATGGAGGAACACCAGTGGCGAAGGCGACTTTCTGGTCTGTAACTGACGCTGATGTGCGAAAGCGTGGGGATCAAACAGGA
0	1	0	1	23c0b3cd6ba7789d95b1221d0cb0b9ca	k__Bacteria;p__Firmicutes;c__Clostridia;o__Clostridiales;f__Christensenellaceae;g__Christensenellaceae_R-7_group;s__Christensenellaceae_R-7_group_Species	GGGGAATATTGGGCAATGGGGGAAACCCTGACCCAGCAACGCCGCGTGAGGGAAGAAGGTTTTCGGATCGTAAACCTCTGTCCTTGGTGAAGAGAAGAAGACGGTAGCCAAGGAGGAAGCCCCGGCTAACTACGTGCCAGCAGCCGCGGTAATACGTAGGGGGCAAGCGTTGTCCGGAATGATTGGGCGTAAAGGGCGCGTAGGCGGCCTGGTAAGTCTGGAGTGAAAGTCCTTCTTTTAAGGAGGGAATTGCTTTGGATACTGCTGGGCTTGAGTGCAGGAGAGGTAAGTGGAATTCCCAGTGTAGCGGTGAAATGCGTAGAGATTGGGAGGAACACCAGTGGCGAAGGCGACTTACTGGACTGTAACTGACGCTGAGGCGCGAAAGTGTGGGGAGCAAACAGGA
1	1	1	1	1e142746f580bcecdb9b6c069a9c0eb9	k__Bacteria;p__Firmicutes;c__Bacilli;o__Bacillales;f__Staphylococcaceae;g__Staphylococcus;s__Staphylococcus_species	AGGGAATCTTCCGCAATGGGCGAAAGCCTGACGGAGCAACGCCGCGTGAGTGATGAAGGTCTTCGGATCGTAAAGCTCTGTTGTTAGGGAAGAACAAATGTGTAAGTAACTGTGCACATCTTGACGGTACCTAACCAGAAAGCCACGGCTAACTACGTGCCAGCAGCCGCGGTAATACGTAGGTGGCAAGCGTTATCCGGAATTATTGGGCGTAAAGCGCGCGTAGGCGGTTTTTTAAGTCTGATGTGAAAGCCCACGGCTCAACCGTGGAGGGTCATTGGAAACTGGAAAACTTGAGTGCAGAAGAGGAAAGTGGAATTCCATGTGTAGCGGTGAAATGCGCAGAGATATGGAGGAACACCAGTGGCGAAGGCGGCTTTCTGGTCTGTAACTGACGCTGATGTGCGAAAGCGTGGGGATCAAACAGGA
0	1	0	1	d0e090b50a2ca09b00491f0d44871dc5	k__Bacteria;p__Firmicutes;c__Clostridia;o__Clostridiales;f__Ruminococcaceae;g__Anaerobacterium;s__Anaerobacterium_chartisolvens	GGGGAATATTGCGCAATGGGGGGAACCCTGACGCAGCAACGCCGCGTGCAGGAAGAAGGTCTTCGGATTGTAAACTGTTGTCGCAGGGGAAGAAGACAGTGACGGTACCCTGTGAGAAAGTCACGGCTAACTACGTGCCAGCAGCCGCGGTAATACGTAGGTGACAAGCGTTGTCCGGATTTACTGGGTGTAAAGGGCGCGTAGGCGGATGTGCAAGTCAGTCGTGAAATACCGGGGCTCAACCCCGGGGCTGCGATTGAAACTGCACACCTTGAGTATCGGAGAGGAAAGCGGAATTCCTAGTGTAGCGGTGAAATGCGTAGATATTAGGAGGAACACCAGTGGCGAAGGCGGCTTTCTGGACGACAACTGACGCTGAGGCGCGAAAGTGTGGGGAGCAAACAGGA
1	1	1	1	62e54a2635c0109b7d6edcbda1b3bf06	k__Bacteria;p__Actinobacteria;c__Actinobacteria;o__Micrococcales;f__Promicromonosporaceae;g__Cellulosimicrobium;s__Cellulosimicrobium_species	GGGGAATATTGCACAATGGGCGAAAGCCTGATGCAGCGACGCCGCGTGAGGGATGAAGGCCTTCGGGTTGTAAACCTCTTTCAGCAGGGAAGAAGCGCAAGTGACGGTACCTGCAGAAGAAGCGCCGGCTAACTACGTGCCAGCAGCCGCGGTAATACGTAGGGCGCAAGCGTTGTCCGGAATTATTGGGCGTAAAGAGCTCGTAGGCGGTTTGTCGCGTCTGGTGTGAAAACTCGAGGCTCAACCTCGAGCTTGCATCGGGTACGGGCAGACTAGAGTGCGGTAGGGGAGACTGGAATTCCTGGTGTAGCGGTGGAATGCGCAGATATCAGGAGGAACACCGATGGCGAAGGCAGGTCTCTGGGCCGCAACTGACGCTGAGGAGCGAAAGCATGGGGAGCGAACAGGA
1	1	1	1	bdcf0a98c3a746ae82f10262eb2cc273	k__Bacteria;p__Firmicutes;c__Clostridia;o__Clostridiales;f__Peptostreptococcaceae;g__Intestinibacter;s__Intestinibacter_bartlettii	GGGGAATATTGCACAATGGGCGAAAGCCTGATGCAGCAACGCCGCGTGAGCGATGAAGGCCTTCGGGTCGTAAAGCTCTGTCCTCAAGGAAGATAATGACGGTACTTGAGGAGGAAGCCCCGGCTAACTACGTGCCAGCAGCCGCGGTAATACGTAGGGGGCTAGCGTTATCCGGATTTACTGGGCGTAAAGGGTGCGTAGGCGGTCTTTCAAGTCAGGAGTGAAAGGCTACGGCTCAACCGTAGTAAGCTCTTGAAACTGTAAGACTTGAGTGCAGGAGAGGAGAGTGGAATTCCTAGTGTAGCGGTGAAATGCGTAGATATTAGGAGGAACACCAGTTGCGAAGGCGGCTCTCTGGACTGTAACTGACGCTGAGGCACGAAAGCGTGGGGAGCAAACAGGA
1	1	1	1	41346081e24ec8d110b89bc19a860838	k__Bacteria;p__Firmicutes;c__Bacilli;o__Lactobacillales;f__Aerococcaceae;g__Facklamia;s__Facklamia_tabacinasalis	AGGGAATCTTCCGCAATGGACGCAAGTCTGACGGAGCAACGCCGCGTGTGTGAAGAAGGTTTTCGGATCGTAAAGCACTGTTATTAGAGAAGAACAGCCGATAGAGTAACTGTTATCGGTTTGACGGTATCTAACCAGAAAGTGACGGCTAACTACGTGCCAGCAGCCGCGGTAATACGTAGGTCACAAGCGTTGTCCGGATTTATTGGGCGTAAAGGGAGCGCAGGCGGTTTGTTAAGTCTGATGTGAAAGCCCACGGCTCAACCGTGGAACGGCATTGGAAACTGGCAAACTTGAGTATAGAAGAGGAAAGTGGAATTCCATGTGTAGCGGTGAAATGCGTAGATATATGGAGGAACACCAGTGGCGAAGGCGACTTTCTGGTCTATAACTGACGCTGAGGCTCGAAAGCGTGGGGAGCGAACAGGA
0	0	0	1	156f7f241d6eb5ab657cebfcbebacd37	k__Bacteria;p__Bacteroidetes;c__Bacteroidia;o__Bacteroidales;f__Porphyromonadaceae;g__Barnesiella;s__Barnesiella_intestinihominis	GAGGAATATTGGTCAATGGGCGCAAGCCTGAACCAGCCAAGTCGCGTGAGGGAAGACGGTCCTATGGATTGTAAACCTCTTTTGTCGGGGAGCAAAGCGCGGTACGAGTACCGCGAAGGAGAGTACCCGAAGAAAAAGCATCGGCTAACTCCGTGCCAGCAGCCGCGGTAATACGGAGGATGCGAGCGTTATCCGGATTTATTGGGTTTAAAGGGTGCGTAGGCGGATTTGTAAGTCAGCGGTAAAAATGCGGTGCTCAACGCCGTATCGCCGTTGAAACTGCGGGTCTTGAGTGAGCGAGAAGTATGCGGAATGCGTGGTGTAGCGGTGAAATGCATAGATATCACGCAGAACTCCGATTGCGAAGGCAGCATACCGGCGCTCAACTGACGCTGAGGCACGAAAGCGTGGGGATCGAACAGGA
1	1	1	1	81f5618b73e4f990b7127273e9143766	k__Bacteria;p__Proteobacteria;c__Gammaproteobacteria;o__Enterobacteriales;f__Enterobacteriaceae;g__Hafnia-Obesumbacterium;s__Hafnia-Obesumbacterium_species	GGGGAATATTGCACAATGGGCGCAAGCCTGATGCAGCCATGCCGCGTGTATGAAGAAGGCCTTCGGGTTGTAAAGTACTTTCAGCGAGGAGGAAGGCATTGTGGTTAATAACCACAGTGATTGACGTTACTCGCAGAAGAAGCACCGGCTAACTCCGTGCCAGCAGCCGCGGTAATACGGAGGGTGCAAGCGTTAATCGGAATTACTGGGCGTAAAGCGCACGCAGGCGGTTGATTAAGTCAGATGTGAAATCCCCGAGCTTAACTTGGGAACTGCATTTGAAACTGGTCAGCTAGAGTCTTGTAGAGGGGGGTAGAATTCCAGGTGTAGCGGTGAAATGCGTAGAGATCTGGAGGAATACCGGTGGCGAAGGCGGCCCCCTGGACAAAGACTGACGCTCAGGTGCGAAAGCGTGGGGAGCAAACAGGA
0	0	0	1	0da6a88ddf836b9b0752c3782a749f7f	k__Bacteria;p__Bacteroidetes;c__Bacteroidia;o__Bacteroidales;f__Porphyromonadaceae;g__Barnesiella;s__Barnesiella_intestinihominis	GAGGAATATTGGTCAATGGGCGCAAGCCTGAACCAGCCAAGTCGCGTGAGGGAAGACGGTCCTATGGATTGTAAACCTCTTTTGTCGGGGAGCAAAGCGCGGTACGAGTACCGTGAAGGAGAGTACCCGAAGAAAAAGCATCGGCTAACTCCGTGCCAGCAGCCGCGGTAATACGGAGGATGCGAGCGTTATCCGGATTTATTGGGTTTAAAGGGTGCGTAGGCGGATTTGTAAGTCAGCGGTAAAAATGCGGTGCTCAACGCCGTATCGCCGTTGAAACTGCGGGTCTTGAGTGAGCGAGAAGTATGCGGAATGCGTGGTGTAGCGGTGAAATGCATAGATATCACGCAGAACTCCGATTGCGAAGGCAGCATACCGGCGCTCAACTGACGCTGAGGCACGAAAGCGTGGGGATCGAACAGGA
1	1	0	1	1d62f074963b9ea5e9e3632fd5541048	k__Bacteria;p__Firmicutes;c__Bacilli;o__Lactobacillales;f__Streptococcaceae;g__Streptococcus;s__Streptococcus_dysgalactiae	AGGGAATCTTCGGCAATGGACGGAAGTCTGACCGAGCAACGCCGCGTGAGTGAAGAAGGTTTTCGGATCGTAAAGCTCTGTTGTTAGAGAAGAATGATGGTGGGAGTGGAAAATCCACCATGTGACGGTAACTAACCAGAAAGGGACGGCTAACTACGTGCCAGCAGCCGCGGTAATACGTAGGTCCCGAGCGTTGTCCGGATTTATTGGGCGTAAAGCGAGCGCAGGCGGTTCTTTAAGTCTGAAGTTAAAGGCAGTGGCTCAACCACTGTACGCTTTGGAAACTGGAGAACTTGAGTGCAGAAGGGGAGAGTGGAATTCCATGTGTAGCGGTGAAATGCGTAGATATATGGAGGAACACCGGTGGCGAAAGCGGCTCTCTGGTCTGTAACTGACGCTGAGGCTCGAAAGCGTGGGGAGCAAACAGGA
1	0	1	0	d1f73af001306f3ff28e6c97bb182c0a	k__Bacteria;p__Firmicutes;c__Clostridia;o__Clostridiales;f__Lachnospiraceae;g__Blautia;s__Blautia_species	GGGGAATATTGCACAATGGGGGGAACCCTGATGCAGCGACGCCGCGTGAAGGAAGAAGTATCTCGGTATGTAAACTTCTATCAGCAGGGAAGATAATGACGGTACCTGACTAAGAAGCCCCGGCTAACTACGTGCCAGCAGCCGCGGTAATACGTAGGGGGCAAGCGTTATCCGGATTTACTGGGTGTAAAGGGAGCGTAGACGGATGGGCAAGTCTGATGTGAAAGGCAGGGGCTCAACCCCTGGACTGCATTGGAAACTGCCGGTCTTGAGTGCCGGAGAGGTAAGCGGAATTCCTAGTGTAGCGGTGAAATGCGTAGATATTAGGAGGAACACCAGTGGCGAAGGCGGCTTACTGGACGGTAACTGACGTTGAGGCTCGAAAGCGTGGGGAGCAAACAGGA
0	0	1	0	9cb94b9668864ce5eeaea2853cfbe7a7	k__Bacteria;p__Firmicutes;c__Clostridia;o__Clostridiales;f__Lachnospiraceae;g__Lachnospiraceae_Genus;s__Lachnospiraceae_Species	GGGGGATATTGGACAATGGGGGGAACCCTGATCCAGCGACGCCGCGTGAGTGAAGAAGTATTTCGGTATGTAAAGCTCTGTCAGCAGGGAAGAAGAAAGTGACGGTACCTGACCAAGAAGCCCCGGCTAACTACGTGCCAGCAGCCGCGGTAATACGTAGGGGGCAAGCGTTATCCGGAATTACTGGGTGTAAAGGGAGCGTAGACGGTAATGTAAGTCTGGAGTGAAAGGCGGGGGCCCAACCCCCGGACTGCTCTGGAAACTATGTTACTGGAGTGCAGGAGAGGTAAGCGGAATTCCTAGTGTAGCGGTGAAATGCGTAGATATTAGGAGGAACACCAGTGGCGAAGGCGGCTTACTGGACTGTAACTGACGTTGAGGCTCGAAAGCGTGGGGAGCAAACAGGA
0	0	1	0	315e4de11fb7d3c72cda30a2ec9fd609	k__Bacteria;p__Firmicutes;c__Clostridia;o__Clostridiales;f__Lachnospiraceae;g__Lachnoclostridium;s__Lachnoclostridium_polysaccharolyticum	GGGGAATATTGCACAATGGGGGAAACCCTGATGCAGCGACGCCGCGTGAGTGAAGAAGTATTTCGGTATGTAAAGCTCTATCAGCAGGGAAGAAAATGACGGTACCTGACCAAGAAGCCCCGGCTAACTACGTGCCAGCAGCCGCGGTAATACGTAGGGGGCAAGCGTTATCCGGATTTACTGGGTGTAAAGGGAGCGTAGACGGTGATGCAAGTCAGAAGTGAAAGCCCGGGGCTCAACTCCGGGACTGCTTTTGAAACTGTGTAACTGGAGTGCAGGAGAGGTAAGCGGAATTCCTGGTGTAGCGGTGAAATGCGTAGATATCAGGAGGAACACCAGTGGCGAAGGCGGCTTACTGGACTGTAACTGACGTTGAGGCTCGAAAGCGTGGGGAGCAAACAGGA
0	0	1	0	e44e4b66fa821e69b2e9a835e87d39a6	k__Bacteria;p__Firmicutes;c__Clostridia;o__Clostridiales;f__Clostridiaceae;g__Clostridium;s__Clostridium_disporicum	GGGGAATATTGCACAATGGGGGAAACCCTGATGCAGCAACGCCGCGTGAGTGATGACGGCCTTCGGGTTGTAAAGCTCTGTCTTCAGGGACGATAATGACGGTACCTGAGGAGGAAGCCACGGCTAACTACGTGCCAGCAGCCGCGGTAATACGTAGGTGGCGAGCGTTGTCCGGATTTACTGGGCGTAAAGGGAGCGTAGGCGGACTTTTAAGTGAGATGTGAAATACTCGGGCTCAACTTGAGTGCTGCATTTCAAACTGGAAGTCTGGAGTGCAGGAGAGGAGAATGGAATTCCTAGTGTAGCGGTGAAATGCGTAGAGATTAGGAAGAACACCAGTGGCGAAGGCGATTCTCTGGACTGTAACTGACGCTGAGGCTCGAAAGCGTGGGGAGCAAACAGGA
0	0	1	0	e1e46afadc955252b1d76d14bc029442	k__Bacteria;p__Firmicutes;c__Clostridia;o__Clostridiales;f__Lachnospiraceae;g__Lachnospiraceae UCG-001;s__Lachnospiraceae UCG-001_species	GGGGAATATTGCACAATGGGGGAAACCCTGATGCAGCGACGCCGCGTGAGTGAAGAAGTATTTCGGTATGTAAAGCTCTATCAGCAGGGAAGAAAATGACGGTACCTGACCAAGAAGCCCCGGCTAACTACGTGCCAGCAGCCGCGGTAATACGTAGGGGGCAAGCGTTATCCGGATTTACTGGGTGTAAAGGGAGCGTAGACGGTTGTGCAAGTCAGAAGTGAAAGCCCGGGGCTCAACTCCGGGACTGCTTTTGAAACTGTGAAACTGGAGTGCAGGAGAGGTAAGCGGAATTCCTGGTGTAGCGGTGAAATGCGTAGATATCAGGAGGAACACCAGTGGCGAAGGCGGCTTACTGGACTGTAACTGACGTTGAGGCTCGAAAGCGTGGGGAGCAAACAGGA
0	0	1	0	772240b8fecada6c0bbc2b33335005d0	k__Bacteria;p__Firmicutes;c__Clostridia;o__Clostridiales;f__Lachnospiraceae;g__Lachnospiraceae_genus;s__Lachnospiraceae_species	GGGGAATATTGCACAATGGGGGAAACCCTGATGCAGCGACGCCGCGTGAGTGAAGAAGTATCTCGGTACGTAAAGCTCTATCAGCAGGAAAGAAAATGACGGTACCTGACTAAGAAGCCCCGGCTAACTACGTGCCAGCAGCCGCGGTAATACGTAGGGGGCAAGCGTTATCCGGATTTACTGGGTGTAAAGGGAGCGTAGACGGCGCTGCAAGTCCGGAGTGAAAGCCCATGGCTTAACCATGGTACTGCTCTGGAAACTGTGGAGCTTGAGTGCGGGAGGGGCAGGCGGAATTCCTAGTGTAGCGGTGAAATGCGTAGATATTAGGAGGAACACCGGCGGCGAAGGCGGCCTGCTGGACCGTAACTGACGTTGAGGCTCGAAAGCGTGGGGAGCAAACAGGA
1	0	1	0	57eb16d1ff0a47defa1656ce773341ef	k__Bacteria;p__Firmicutes;c__Clostridia;o__Clostridiales;f__Ruminococcaceae;g__Flavonifractor;s__Flavonifractor_plautii	GGGGAATATTGGGCAATGGGCGCAAGCCTGACCCAGCAACGCCGCGTGAAGGAAGAAGGCTTTCGGGTTGTAAACTTCTTTTGTCGGGGACGAAACAAATGACGGTACCTGACGAATAAGCCACGGCTAACTACGTGCCAGCAGCCGCGGTAATACGTAGGTGGCAAGCGTTATCCGGATTTACTGGGTGTAAAGGGCGTGTAGGCGGGATTGCAAGTCAGATGTGAAAACTGGGGGCTCAACCTCCAGCCTGCATTTGAAACTGTAGTTCTTGAGTGCTGGAGAGGCAATCGGAATTCCGTGTGTAGCGGTGAAATGCGTAGATATACGGAGGAACACCAGTGGCGAAGGCGGATTGCTGGACAGTAACTGACGCTGAGGCGCGAAAGCGTGGGGAGCAAACAGGA
1	0	1	0	b44c271c2b5541ae6c5996aaa1338b67	k__Bacteria;p__Firmicutes;c__Clostridia;o__Clostridiales;f__Lachnospiraceae;g__[Eubacterium] fissicatena group;s__[Eubacterium] fissicatena group_species	GGGGAATATTGCACAATGGGGGAAACCCTGATGCAGCGACGCCGCGTGAAGGAAGAAGTATTTCGGTATGTAAACTTCTATCAGCAGGGAAGAAAATGACGGTACCTGAGTAAGAAGCCCCGGCTAACTACGTGCCAGCAGCCGCGGTAATACGTAGGGGGCAAGCGTTATCCGGATTTACTGGGTGTAAAGGGAGCGTAGACGGTAATGTAAGTCTGATGTGAAAGCCCGGGGCTCAACCCCGGGACTGCATTGGAAACTATGTAACTAGAGTACCGGAGAGGTAAGCGGAATTCCTAGTGTAGCGGTGAAATGCGTAGATATTAGGAGGAACACCAGTGGCGAAGGCGGCTTACTGGACGGAAACTGACGTTGAGGCTCGAAAGCGTGGGGAGCAAACAGGA
0	0	1	0	eae4d2573a69306c84c35bf38708c83c	k__Bacteria;p__Firmicutes;c__Clostridia;o__Clostridiales;f__Ruminococcaceae;g__Ruminococcaceae_Genus;s__Ruminococcaceae_Species	GGGGAATATTGGGCAATGGGCGCAAGCCTGACCCAGCAACGCCGCGTGAAGGAAGAAGGCTTTCGGGTTGTAAACTTCTTTTAAGAGGGACGAACAAATGACGGTACCTCTTGAATAAGCCACGGCTAACTACGTGCCAGCAGCCGCGGTAATACGTAGGTGGCAAGCGTTATCCGGATTTATTGGGTGTAAAGGGCGTGTAGGCGGGAGCGCAAGTCAGATGTGAAAACTCAGGGCTCAACCCTGAGCCTGCATTTGAAACTGTGTTTCTTGAGTGCTGGAGAGGCAATCGGAATTCCGTGTGTAGCGGTGAAATGCGTAGATATACGGAGGAACACCAGTGGCGAAGGCGGATTGCTGGACAGTAACTGACGCTGAGGCGCGAAAGCGTGGGGAGCAAACAGGA
0	0	1	0	a8991174eeb902d7163f5143cda76905	k__Bacteria;p__Firmicutes;c__Clostridia;o__Clostridiales;f__Clostridiaceae;g__Clostridium;s__Clostridium_disporicum	GGGGAATATTGCACAATGGGGGAAACCCTGATGCAGCAACGCCGCGTGAGTGATGACGGCCTTCGGGTTGTAAAGCTCTGTCTTCAGGGACGATAATGACGGTACCTGAGGAGGAAGCCACGGCTAACTACGTGCCAGCAGCCGCGGTAATACGTAGGTGGCGAGCGTTGTCCGGATTTACTGGGCGTAAAGGGAGCGTAGGCGGACTTTTAAGTGAGATGTGAAATACTCGGGCTCAACTTGAGTGCTGCATTTCAAACTGTAAGTCTAGAGTGCAGGAGAGGAGAATGGAATTCCTAGTGTAGCGGTGAAATGCGTAGAGATTAGGAAGAACACCAGTGGCGAAGGCGATTCTCTGGACTGTAACTGACGCTGAGGCTCGAAAGCGTGGGGAGCAAACAGGA
0	0	1	0	3280b2084bb2c8f26a37820822c117d7	k__Bacteria;p__Firmicutes;c__Clostridia;o__Clostridiales;f__Ruminococcaceae;g__Anaerotruncus;s__Anaerotruncus_Species	GGGGGATATTGCACAATGGAGGAAACTCTGATGCAGCGACGCCGCGTGAGGGAAGACGGTCTTCGGATTGTAAACCTCTGTCTTTGGGGAAGAAAATGACGGTACCCAAAGAGGAAGCTCCGGCTAACTACGTGCCAGCAGCCGCGGTAATACGTAGGGAGCGAGCGTTGTCCGGAATTACTGGGTGTAAAGGGAGCGTAGGCGGGCGAGAAAGTTGAATGTTAAATCTACCGGCTTAACTGGTAGCTGCGTTCAAAACTTCTTGTCTTGAGTGAAGTAGAGGCAGGCGGAATTCCTAGTGTAGCGGTGAAATGCGTAGATATTAGGAGGAACACCAGTGGCGAAGGCGGCCTGCTGGGCTTTAACTGACGCTGAGGCTCGAAAGCGTGGGGAGCAAACAGGA
0	0	1	0	03c759c6bb5a1631d991e492dd26fe89	k__Bacteria;p__Firmicutes;c__Clostridia;o__Clostridiales;f__Lachnospiraceae;g__Lachnoclostridium;s__Lachnoclostridium_Species	GGGGAATATTGCACAATGGGGGAAACCCTGATGCAGCGACGCCGCGTGAGCGATGAAGTATTTCGGTATGTAAAGCTCTATCAGCAGGGAAGAAAATGACGGTACCTGACTAAGAAGCCCCGGCTAACTACGTGCCAGCAGCCGCGGTAATACGTAGGGGGCAAGCGTTATCCGGATTTACTGGGTGTAAAGGGAGCGTAGACGGCTGTGCAAGCCAGATGTGAAAGCCCGGGGCTCAACCCCGGGACTGCATTTGGAACTGTGTGGCTGGAGTGTCGGAGAGGCAGGCGGAATTCCTAGTGTAGCGGTGAAATGCGTAGATATTAGGAGGAACACCAGTGGCGAAGGCGGCCTGCTGGACGATGACTGACGTTGAGGCTCGAAAGCGTGGGGAGCAAACAGGA
1	0	1	0	3433cdcc037ad32ebccea6b830a921e7	k__Bacteria;p__Firmicutes;c__Clostridia;o__Clostridiales;f__Ruminococcaceae;g__Flavonifractor;s__Flavonifractor_plautii	GGGGAATATTGGGCAATGGGCGCAAGCCTGACCCAGCAACGCCGCGTGAAGGAAGAAGGCTTTCGGGTTGTAAACTTCTTTTCTCAGGGACGAAGCAAGTGACGGTACCTGAGGAATAAGCCACGGCTAACTACGTGCCAGCAGCCGCGGTAATACGTAGGTGGCAAGCGTTATCCGGATTTACTGGGTGTAAAGGGCGTGTAGGCGGGACTGCAAGTCAGATGTGAAAACCATGGGCTCAACCTGTGGCCTGCATTTGAAACTGTAGTTCTTGAGTACTGGAGAGGCAGACGGAATTCCTAGTGTAGCGGTGAAATGCGTAGATATTAGGAGGAACACCAGTGGCGAAGGCGGTCTGCTGGACAGCAACTGACGCTGAGGCGCGAAAGCGTGGGGAGCAAACAGGA
1	0	1	0	abd3e51d2cd6350a04a9b4db49e85529	k__Bacteria;p__Firmicutes;c__Clostridia;o__Clostridiales;f__Lachnospiraceae;g__Anaerostipes;s__Anaerostipes_caccae	GGGGAATATTGCACAATGGGGGAAACCCTGATGCAGCGACGCCGCGTGAGTGAAGAAGTATTTCGGTATGTAAAGCTCTATCAGCAGGGAAGAAAAAAGACGGTACCTGACTAAGAAGCCCCGGCTAACTACGTGCCAGCAGCCGCGGTAATACGTAGGGGGCAAGCGTTATCCGGAATTACTGGGTGTAAAGGGTGCGTAGGTGGCATGGTAAGTCAGAAGTGAAAGCCCGGGGCTTAACCCCGGGACTGCTTTTGAAACTGTCATGCTGGAGTGCAGGAGAGGTAAGCGGAATTCCTAGTGTAGCGGTGAAATGCGTAGATATTAGGAGGAACACCAGTGGCGAAGGCGGCTTACTGGACTGTCACTGACACTGATGCACGAAAGCGTGGGGAGCAAACAGGA
0	0	1	0	509caf1cbce6ad18bea111c4b6d1645c	k__Bacteria;p__Firmicutes;c__Clostridia;o__Clostridiales;f__Ruminococcaceae;g__Oscillibacter;s__Oscillibacter_valericigenes	GGGGAATATTGGGCAATGGGCGCAAGCCTGACCCAGCAACGCCGCGTGAAGGAAGAAGGCTTTCGGGTTGTAAACTTCTTTTGACAGGGAAGAGCAGAAGACGGTACCTGTCGAATAAGCCACGGCTAACTACGTGCCAGCAGCCGCGGTAATACGTAGGTGGCAAGCGTTGTCCGGATTTACTGGGTGTAAAGGGCGTGTAGCCGGGCTGACAAGTCAGATGTGAAATCCGGGGGCTCAACCCCCGAACTGCATTTGAAACTGTTGGTCTTGAGTATCGGAGAGGCAGGCGGAATTCCTAGTGTAGCGGTGAAATGCGTAGATATTAGGAGGAACACCAGTGGCGAAGGCGGCCTGCTGGACGACAACTGACGGTGAGGCGCGAAAGCGTGGGGAGCAAACAGGA
0	0	1	0	4bb18a28ca63cbcbc813c80ca8f0a365	k__Bacteria;p__Firmicutes;c__Clostridia;o__Clostridiales;f__Lachnospiraceae;g__Lachnospiraceae_genus;s__Lachnospiraceae_species	GGGGGATATTGCACAATGGGGGAAACCCTGATGCAGCGACGCCGCGTGAGTGAAGAAGTATTTCGGTATGTAAAGCTCTATCGGCAGGGAAGAAAAAAATGACAGTACCTGACTAAGAAGCCCCGGCTAACTACGTGCCAGCAGCCGCGGTAATACGTAGGGGGCAAGCGTTATCCGGATTTACTGGGTGTAAAGGGAGCGTAGGCGGCCACGCAAGTCAGAAGTGAAAACCCGGGGCTCAACCCTGGGAGTGCTTTTGAAACTGTGCGGCTAGAGTGTCGGAGGGGTAAGTGGAATTCCTAGTGTAGCGGTGAAATGCGTAGATATTAGGAGGAACACCAGTGGCGAAGGCGGCTTACTGGACGATGACTGACGCTGAGGCTCGAAAGCGTGGGGAGCAAACAGGA
0	0	1	0	7d066764fcd6d89f45020d64ce6a8124	k__Bacteria;p__Firmicutes;c__Clostridia;o__Clostridiales;f__Lachnospiraceae;g__Lachnospiraceae_genus;s__Lachnospiraceae_species	GGGGGATATTGCACAATGGGGGGAACCCTGATGCAGCGACGCCGCGTGAGTGAAGAAGTATTTCGGTATGTAAAGCTCTATCGGCAGGGAAGAAAAAAATGACAGTACCTGACTAAGAAGCCCCGGCTAACTACGTGCCAGCAGCCGCGGTAATACGTAGGGGGCAAGCGTTATCCGGATTTACTGGGTGTAAAGGGAGCGTAGGCGGCCACGCAAGTCAGAAGTGAAAACCCGGGGCTCAACCCTGGGAGTGCTTTTGAAACTGTGCGGCTAGAGTGTCGGAGGGGTAAGTGGAATTCCTAGTGTAGCGGTGAAATGCGTAGATATTAGGAGGAACACCAGTGGCGAAGGCGGCTTACTGGACGATGACTGACGCTGAGGCTCGAAAGCGTGGGGAGCAAACAGGA
0	0	1	0	e53af65dfd6e34b66fdb4beb6b793afb	k__Bacteria;p__Firmicutes;c__Clostridia;o__Clostridiales;f__Ruminococcaceae;g__Ruminiclostridium;s__Ruminiclostridium_leptum	GAGGGATATTGGTCAATGGGGGAAACCCTGAACCAGCAACGCCGCGTGAGGGAAGACGGTTTTCGGATTGTAAACCTCTGTCCTCTGTGAAGATGATGACGGTAGCAGAGGAGGAAGCTCCGGCTAACTACGTGCCAGCAGCCGCGGTAATACGTAGGGAGCGAGCGTTGTCCGGATTTACTGGGTGTAAAGGGTGCGTAGGCGGCTCTGCAAGTCAGAAGTGAAATCTATGGGCTTAACCCATAAACTGCTTTTGAAACTGTGGAGCTTGAGTGAAGTAGAGGTAGGCGGAATTCCCGGTGTAGCGGTGAAATGCGTAGAGATCGGGAGGAACACCAGTGGCGAAGGCGGCCTACTGGGCTTTAACTGACGCTGAGGCACGAAAGCGTGGGTAGCAAACAGGA
0	0	1	0	f2d958ca59e4034174a64e67b15e6716	k__Bacteria;p__Firmicutes;c__Clostridia;o__Clostridiales;f__Lachnospiraceae;g__Lachnospiraceae_Genus;s__Lachnospiraceae_Species	GGGGGATATTGGACAATGGGGGAAACCTTGATCCAGCGACGCCGCGTGAGTGAAGAAGTATTTCGGTATGTAAAGCTCTGTCAGCAGGGAAGAAGAAAGTGACGGTACCTGACCAAGAAGCCCCGGCTAACTACGTGCCAGCAGCCGCGGTAATACGTAGGGGGCAAGCGTTATCCGGAATTACTGGGTGTAAAGGGAGCGTAGACGGTAATGTAAGTCTGGAGTGAAAGGCGGGGGCCCAACCCCCGGACTGCTCTGGAAACTATGTTACTGGAGTGCAGGAGAGGTAAGCGGAATTCCTAGTGTAGCGGTGAAATGCGTAGATATTAGGAGGAACACCAGTGGCGAAGGCGGCTTACTGGACTGTAACTGACGTTGAGGCTCGAAAGCGTGGGGAGCAAACAGGA
0	0	1	0	773b9cfa217d93398954f1a2e612c20a	k__Bacteria;p__Firmicutes;c__Clostridia;o__Clostridiales;f__Lachnospiraceae;g__Lachnospiraceae_genus;s__Lachnospiraceae_species	GGGGAATATTGCACAATGGGGGGAACCCTGATGCAGCGACGCCGCGTGAGTGAAGAAGTATCTCGGTACGTAAAGCTCTATCAGCAGGAAAGAAAATGACGGTACCTGACTAAGAAGCCCCGGCTAACTACGTGCCAGCAGCCGCGGTAATACGTAGGGGGCAAGCGTTATCCGGATTTACTGGGTGTAAAGGGAGCGTAGACGGCGCTGCAAGTCCGGAGTGAAAGCCCATGGCTTAACCATGGTACTGCTCTGGAAACTGTGGAGCTTGAGTGCGGGAGGGGCAGGCGGAATTCCTAGTGTAGCGGTGAAATGCGTAGATATTAGGAGGAACACCGGCGGCGAAGGCGGCCTGCTGGACCGTAACTGACGTTGAGGCTCGAAAGCGTGGGGAGCAAACAGGA
0	0	1	0	4ace020be1d71cdcf410ab3acdd57d3d	k__Bacteria;p__Firmicutes;c__Clostridia;o__Clostridiales;f__Lachnospiraceae;g__Lachnospiraceae_Genus;s__Lachnospiraceae_Species	GGGGGATATTGGACAATGGGGGAAACCCTGATCCAGCGACGCCGCGTGAGTGAAGAAGTATTTCGGTATGTAAAGCTCTGTCAGCAGGGAAGAAGAAAGTGACGGTACCTGACCAAGAAGCCCCGGCTAACTACGTGCCAGCAGCCGCGGTAATACGTAGGGGGCAAGCGTTATCCGGAATTACTGGGTGTAAAGGGAGCGTAGACGGTAATGTAAGTCTGGAGTGAAAGGCGGGGGCCCAACCCCCGGACTGCTCTGGAAACTATGTTACTGGAGTGCAGGAGAGGTAAGCGGAATTCCTAGTGTAGCGGTGAAATGCGTAGATATTAGGAGGAACACCAGTGGCGAAGGCGGCTTACTGGACTGTAACTGACGTTGAGGCTCGAAAGCGTGGGGAGCAAACAGGA
0	0	1	0	0c463e61cb8160e51d073c0c586acfab	k__Bacteria;p__Firmicutes;c__Clostridia;o__Clostridiales;f__Lachnospiraceae;g__Lachnospiraceae_genus;s__Lachnospiraceae_species	GGGGGATATTGCACAATGGGGGAAACCCTGATGCAGCGACGCCGCGTGAGTGAAGAAGTATTTCGGTATGTAAAGCTCTATCGGCAGGGAAGAAAAAGCGCGCGAGCGCCCTTGACAGTACCTGACTAAGAAGCCCCGGCTAACTACGTGCCAGCAGCCGCGGTAATACGTAGGGGGCAAGCGTTATCCGGATTTACTGGGTGTAAAGGGAGCGTAGGCGGCCACGCAAGTCAGAAGTGAAAACCCGGGGCTCAACCCTGGGAGTGCTTTTGAAACTGTGCGGCTAGAGTGTCGGAGGGGTAAGTGGAATTCCTAGTGTAGCGGTGAAATGCGTAGATATTAGGAGGAACACCAGTGGCGAAGGCGGCTTACTGGACGATGACTGACGCTGAGGCTCGAAAGCGTGGGGAGCAAACAGGA
0	0	1	0	1813d593cea1dba047421eee855dc7af	k__Bacteria;p__Firmicutes;c__Clostridia;o__Clostridiales;f__Lachnospiraceae;g__Lachnospiraceae_genus;s__Lachnospiraceae_species	GGGGGATATTGCACAATGGGGGAAACCCTGATGCAGCGACGCCGCGTGAGTGAAGAAGTATTTCGGTATGTAAAGCTCTATCGGCAGGGAAGAAAAAGCGCGCGAGCGCCCTTGACAGTACCTGACTAAGAAGCCCCGGCTAACTACGTGCCAGCAGCCGCGGTAATACGTAGGGGGCAAGCGTTATCCGGATTTACTGGGTGTAAAGGGAGCGTAGGCGGCCATGCAAGTCAGAAGTGAAAACCCGGGGCTCAACCCTGGGAGTGCTTTTGAAACTGTGCGGCTAGAGTGTCGGAGGGGTAAGTGGAATTCCTAGTGTAGCGGTGAAATGCGTAGATATTAGGAGGAACACCAGTGGCGAAGGCGGCTTACTGGACGATGACTGACGCTGAGGCTCGAAAGCGTGGGGAGCAAACAGGA
0	0	1	0	3f0db0449b015aa201248e420bc6ca7a	k__Bacteria;p__Firmicutes;c__Clostridia;o__Clostridiales;f__Lachnospiraceae;g__Marvinbryantia;s__Marvinbryantia_formatexigens	GGGGAATATTGCACAATGGGGGGAACCCTGATGCAGCGACGCCGCGTGGGTGAGGAAGTACTTCGGTATGTAAAGCCCTATCAGCAGGGAAGAAAATGACGGTACCTGACTAAGAAGCCCCGGCTAACTACGTGCCAGCAGCCGCGGTAATACGTAGGGGGCAAGCGTTATCCGGATTTACTGGGTGTAAAGGGAGCGTAGACGGCGTGCCAAGTCTGATGTGAAAGGCCGGGGCTCAACCCCGGGACTGCATTGGAAACTGGCATGCTGGAGTGCCGGAGGGGCAAGCGGAATTCCTAGTGTAGCGGTGAAATGCGTAGATATTAGGAGGAACACCGGTGGCGAAGGCGGCTTGCTGGACGGTAACTGACGTTGAGGCTCGAAAGCGTGGGGAGCAAACAGGA
0	0	1	0	cbf18dfbf694259acca5755f05137837	k__Bacteria;p__Firmicutes;c__Clostridia;o__Clostridiales;f__Lachnospiraceae;g__Lachnospiraceae_Genus;s__Lachnospiraceae_Species	GGGGAATATTGCACAATGGGGGAAACCCTGATGCAGCGACGCCGCGTGAGTGAGGAAGTATTTCGGTATGTAAAGCTCTATCAGCAGGGAAGAAAATGACGGTACCTGACTAAGAAGCCCCGGCTAACTACGTGCCAGCAGCCGCGGTAATACGTAGGGGGCAAGCGTTATCCGGATTTACTGGGTGTAAAGGGAGCGTAGACGGAAGCGCAAGTCTGATGTGAAAATCCGGGGCCCAACCCCGGAACTGCATTGGAAACTGTGATTCTAGAGTGTCGGAGAGGCAAGTGGAATTCCTGGTGTAGCGGTGAAATGCGTAGATATCAGGAGGAACACCAGTGGCGAAGGCGGCTTGCTGGACGATGACTGACGTTGAGGCTCGAAAGCGTGGGGAGCAAACAGGA
0	0	1	0	879d1ec0c1f59f27340ca21bd9e7be50	k__Bacteria;p__Firmicutes;c__Clostridia;o__Clostridiales;f__Lachnospiraceae;g__Lachnoclostridium;s__Lachnoclostridium_bolteae	GGGGAATATTGCACAATGGGGGAAACCCTGATGCAGCGACGCCGCGTGAGTGAAGAAGTATTTCGGTATGTAAAGCTCTATCAGCAGGGAAGAAGAAAGACGGTACCTGACTAAGAAGCCCCGGCTAACTACGTGCCAGCAGCCGCGGTAATACGTAGGGGGCAAGCGTTATCCGGATTTACTGGGTGTAAAGGGAGCGTAGACGGCTGTGCAAGTCTGAAGTGAAAGCCCAGGGCTCAACCCTGGGACTGCTTTGGAAACTGTGGAGCTAGAGTGCTGGAGAGGTAAGTGGAATTCCTAGTGTAGCGGTGAAATGCGTAGATATTAGGAGGAACACCAGTGGCGAAGGCGGCTTACTGGACAGTAACTGACGTTGAGGCTCGAAAGCGTGGGGAGCAAACAGGA
0	0	1	0	e86783e9e1adc62bd24b521e3a0aceb4	k__Bacteria;p__Firmicutes;c__Clostridia;o__Clostridiales;f__Lachnospiraceae;g__Lachnospiraceae_Genus;s__Lachnospiraceae_Species	GGGGGATATTGGACAATGGGGGGAACCCTGATCCAGCGACGCCGCGTGAGTGAAGAAGTATCTCGGTATGTAAAGCTCTATCAGCAGGGAAGAAAGAAATGACGGTACCTGAGTAAGAAGCCCCGGCTAACTACGTGCCAGCAGCCGCGGTAATACGTAGGGGGCAAGCGTTATCCGGAATTACTGGGTGTAAAGGGAGCGTAGACGGTGATGTAAGTCTGGAGTGAAAGGCGGGGGCCCAACCCCCGGACTGCTCTGGAAACTATATGACTGGAGTGCAGGAGAGGTGAGCGGAATTCCTAGTGTAGCGGTGAAATGCGTAGATATTAGGAGGAACACCAGTGGCGAAGGCGGCTCACTGGACTGTAACTGACGTTGAGGCTCGAAAGCGTGGGGAGCAAACAGGA
0	0	1	0	ecd27dff56fd3dd6f94c0629c01247f7	k__Bacteria;p__Firmicutes;c__Clostridia;o__Clostridiales;f__Lachnospiraceae;g__[Eubacterium]_eligens_group;s__[Eubacterium]_eligens	GGGGAATATTGCACAATGGAGGGAACTCTGATGCAGCGACGCCGCGTGAGTGAAGAAGTAATTCGTTATGTAAAGCTCTATCAGCAGGGAAGAAAGTGACGGTACCTGAAAAAGAAGCTCCGGCTAAATACGTGCCAGCAGCCGCGGTAATACGTATGGAGCAAGCGTTATCCGGATTTACTGGGTGTAAAGGGAGAGTAGGTGGCAGAGCAAGTCCGAAGTGAAAACCCAAAGCTCAACTATGGGAATGCTTTAGAAACTGCTCAGCTAGAGTGCAGGAGAGGCAAGTGGAATTCTTAGTGTAGCGGTGAAATGCGTAGATATTAGGAGGAACACCAGTGGCGAAGGCGGCTTGCTGGACTGTAACTGACACTGAGGCTCGAAAGCGTGGGGAGCAAACAGGA
0	0	1	0	15585cdd4e94763502071fba8fc94990	k__Bacteria;p__Firmicutes;c__Clostridia;o__Clostridiales;f__Lachnospiraceae;g__A2;s__A2_species	GGGGGATATTGCACAATGGGGGGAACCCTGATGCAGCGACGCCGCGTGGGCGATGGAGTGCTTCGGCATGTAAAGCCCTATCAGCAGGGAAGAAAATGACGGTACCTGACTAAGAAGCCCCGGCTAAATACGTGCCAGCAGCCGCGGTAATACGTATGGGGCAAGCGTTATCCGGATTTACTGGGTGTAAAGGGAGCGTAGGCGGCCTGGCAAGCCTGATGTGAAATACCGGGGCCCAACCCCGGGGCTGCATTGGGAACTGCCAGGCTGGAGTGCCGGAGAGGCAGGCGGAATTCCTAGTGTAGCGGTGAAATGCGTAGATATTAGGAGGAACACCAGTGGCGAAGGCGGCCTGCTGGACGGTGACTGACGCTGAGGCTCGAAAGCGTGGGGAGCAAACAGGA
0	0	1	0	33a2d7bcf094cbc4e48142b21d95ae30	k__Bacteria;p__Firmicutes;c__Clostridia;o__Clostridiales;f__Lachnospiraceae;g__Lachnoclostridium;s__Lachnoclostridium_species	GGGGAATATTGCACAATGGGGGAAACCCTGATGCAGCGACGCCGCGTGAGTGAAGAAGTATTTCGGTATGTAAAGCTCTATCAGCAGGGAAGAAAGAAGACGGTACCTGACTAAGAAGCCCCGGCTAACTACGTGCCAGCAGCCGCGGTAATACGTAGGGGGCAAGCGTTATCCGGATTTACTGGGTGTAAAGGGAGCGTAGACGGCTGTGCAAGTCTGAAGTGAAAGCCCAGGGCTCAACCCTGGGACTGCTTTGGAAACTGTAAAGCTAGAGTGCTGGAGAGGTAAGTGGAATTCCTAGTGTAGCGGTGAAATGCGTAGATATTAGGAGGAACACCAGTGGCGAAGGCGGCTTACTGGACAGTAACTGACGTTGAGGCTCGAAAGCGTGGGGAGCAAACAGGA
0	0	1	0	706928b1bbcd929bbeb170293f00491e	k__Bacteria;p__Firmicutes;c__Clostridia;o__Clostridiales;f__Lachnospiraceae;g__Lachnospiraceae NK4A136 group;s__Lachnospiraceae NK4A136 group_species	GGGGAATATTGCACAATGGGGGAAACCCTGATGCAGCGACGCCGCGTGAGTGAAGAAGTATTTCGGTACGTAAAGCTCTATCAGCAGGGAAGAAAATGACGGTACCTGACTAAGAAGCCCCGGCTAACTACGTGCCAGCAGCCGCGGTAATACGTAGGGGGCAAGCGTTATCCGGATTTACTGGGTGTAAAGGGAGCGTAGACGGCAGCGCAAGTCTGGAGTGAAATCCCATGGCTTAACCATGGAACTGCTTTGGAAACTGTGCAGCTGGAGTGCAGGAGAGGTAAGCGGAATTCCTAGTGTAGCGGTGAAATGCGTAGATATTAGGAGGAACACCAGTGGCGAAGGCGGCTTACTGGACTGTAACTGACGTTGAGGCTCGAAAGCGTGGGGAGCAAACAGGA
0	0	1	0	670e7d620bc8a9444ad98380379be275	k__Bacteria;p__Firmicutes;c__Clostridia;o__Clostridiales;f__Lachnospiraceae;g__Lachnospiraceae_genus;s__Lachnospiraceae_species	GGGGAATATTGCACAATGGGGGGAACCCTGATGCAGCAACGCCGCGTGGGTGAAGAAGTATTTCGGTATGTAAAGCCCTATCAGCAGGGAAGAAAATGACGGTACCTGACTAAGAAGCTCCGGCTAAATACGTGCCAGCAGCCGCGGTAATACGTATGGAGCAAGCGTTATCCGGATTTACTGGGTGTAAAGGGAGCGCAGGCGGTGCGGCAAGTCTGATGTGAAAACCCGGGGCTCAACCCCGGGACTGCATTGGAAACTGTCGGACTAGAGTGCCGGAGAGGTAAGTGGAATTCCTAGTGTAGCGGTGAAATGCGTAGATATTAGGAGGAACACCAGTGGCGAAGGCGGCTTACTGGACGGTAACTGACGCTGAGGCTCGAAAGCGTGGGGAGCAAACAGGA
0	0	1	0	167bc988cedfbbbc64207d6ee9179d87	k__Bacteria;p__Firmicutes;c__Clostridia;o__Clostridiales;f__Lachnospiraceae;g__Lachnospiraceae NK4A136 group;s__Lachnospiraceae NK4A136 group_species	GGGGAATATTGCACAATGGGGGAAACCCTGATGCAGCGACGCCGCGTGAGTGAAGAAGTATTTCGGTACGTAAAGCTCTATCAGCAGGGAAGAAAATGACGGTACCTGACTAAGAAGCCCCGGCTAACTACGTGCCAGCAGCCGCGGTAATACGTAGGGGGCAAGCGTTATCCGGATTTACTGGGTGTAAAGGGAGCGTAGACGGCAGCGCAAGTCTGGAGTGAAATCCCATGGCTTAACCATGGAACTGCTTTGGAAACTGTGCAGCTAGAGTGCAGGAGAGGTAAGCGGAATTCCTAGTGTAGCGGTGAAATGCGTAGATATTAGGAGGAACACCAGTGGCGAAGGCGGCTTACTGGACTGTAACTGACGTTGAGGCTCGAAAGCGTGGGGAGCAAACAGGA
0	0	1	0	163833a30791707cafe5a89f5da594b0	k__Bacteria;p__Firmicutes;c__Clostridia;o__Clostridiales;f__Lachnospiraceae;g__A2;s__A2_species	GGGGGATATTGCACAATGGGGGGAACCCTGATGCAGCGACGCCGCGTGGGCGATGGAGTACTTCGGTATGTAAAGCCCTATCAGCAGGGAAGAAAATGACGGTACCTGACTAAGAAGCCCCGGCTAAATACGTGCCAGCAGCCGCGGTAATACGTATGGGGCAAGCGTTATCCGGATTTACTGGGTGTAAAGGGAGCGTAGGCGGCCTGGCAAGCCTGATGTGAAATACCGGGGCCCAACCCCGGGGCTGCATTGGGAACTGCCAGGCTGGAGTGCCGGAGAGGCAGGCGGAATTCCTAGTGTAGCGGTGAAATGCGTAGATATTAGGAGGAACACCAGTGGCGAAGGCGGCCTGCTGGACGGTGACTGACGCTGAGGCTCGAAAGCGTGGGGAGCAAACAGGA
0	0	1	0	e92db0159cb1c9b0667147006807e545	k__Bacteria;p__Firmicutes;c__Clostridia;o__Clostridiales;f__Lachnospiraceae;g__Lachnospiraceae_genus;s__Lachnospiraceae_species	GGGGAATATTGCACAATGGGGGAAACCCTGATGCAGCAACGCCGCGTGAGTGAAGAAGTATTTCGGTATGTAAAGCTCTATCAGCAGGGAAGAAGATGACGGTACCTGAGTAAGAAGCCCCGGCTAACTACGTGCCAGCAGCCGCGGTAATACGTAGGGGGCAAGCGTTATCCGGATTTACTGGGTGTAAAGGGAGCGTAGACGGCTGCGCAAGTCTGAAGTGAAAGCCCGGGGCTCAACCCCGGGACTGCTTTGGAAACTGTGTAGCTAGAGTGCTGGAGAGGCAAGCGGAATTCCTAGTGTAGCGGTGAAATGCGTAGATATTAGGAAGAACACCAGTGGCGAAGGCGGCTTGCTGGACAGTAACTGACGTTGAGGCTCGAAAGCGTGGGGAGCAAACAGGA
0	0	1	0	77499e5f9d841af493520a58c1a7d5df	k__Bacteria;p__Firmicutes;c__Clostridia;o__Clostridiales;f__Ruminococcaceae;g__Anaerotruncus;s__Anaerotruncus_species	GGGGGATATTGCACAATGGGCGAAAGCCTGATGCAGCGACGCCGCGTGAGGGAAGACGGTCTTCGGATTGTAAACCTCTGTCTTTGGGGAAGAATAGAGACGGTACCCAAAGAGGAAGCTCCGGCTAACTACGTGCCAGCAGCCGCGGTAATACGTAGGGAGCGAGCGTTGTCCGGAATTACTGGGTGTAAAGGGAGCGTAGGCGGGCTTGTAAGTTGAATGTCTAATCCACCGGCTCAACCGGTGATCGCGTTCAAAACTGCAGGTCTTGAGTGAAGTAGAGGCAGGCGGAATTCCTAGTGTAGCGGTGAAATGCGTAGATATTAGGAGGAACACCAGTGGCGAAGGCGGCCTGCTGGGCTTTAACTGACGCTGAGGCTCGAAAGCGTGGGGAGCAAACAGGA
0	0	1	0	5ec433b247b8e52104f3cf91f3a888bc	k__Bacteria;p__Firmicutes;c__Clostridia;o__Clostridiales;f__Lachnospiraceae;g__Lachnospiraceae_genus;s__Lachnospiraceae_species	GGGGAATATTGCACAATGGGGGAAACCCTGATGCAGCAACGCCGCGTGAGTGAAGAAGTATTTCGGTATGTAAAGCTCTATCAGCAGGGAAGAAAATGACGGTACCTGACTAAGAAGCTCCGGCTAAATACGTGCCAGCAGCCGCGGTAATACGTATGGAGCAAGCGTTATCCGGATTTACTGGGTGTAAAGGGAGCGCAGGCGGTGCGGCAAGTCTGATGTGAAAACCCGGGGCTCAACCCCGGGACTGCATTGGAAACTGTCGGACTAGAGTGCCGGAGAGGTAAGTGGAATTCCTAGTGTAGCGGTGAAATGCGTAGATATTAGGAGGAACACCAGTGGCGAAGGCGGCTTACTGGACGGTAACTGACGCTGAGGCTCGAAAGCGTGGGGAGCAAACAGGA
0	0	1	0	f1455c795f5aec8e6b4f651495c5548b	k__Bacteria;p__Firmicutes;c__Clostridia;o__Clostridiales;f__Ruminococcaceae;g__Anaerobacterium;s__Anaerobacterium_chartisolvens	CGGGAATATTGCGCAATGGAGGAAACTCTGACGCAGTGACGCCGCGTGCAGGAAGAAGGTTTTAGGATTGTAAACTGCTTTAGACAGGGAAGAAACAAGACAGTACCTGTAGAATAAGCTCCGGCTAACTACGTGCCAGCAGCCGCGGTAATACGTAGGGAGCAAGCGTTATCCGGATTTATTGGGTGTAAAGAGTGCGTAGACGGGATGGCAAGTTAGCTGTGAAATCCCTCGGCTCAACCGAGGAACTGCAGCTAAAACTACTATTCTTGAGTGCTGGAGGGGAAAGTGGAATTCCTAGTGTAGCGGTGAAATGCGTAGATATTAGGAGGAACACCAGTGGCGAAGGCGACTTTCTGGACAGTAACTGACGTTGAGGCACGAAAGTGTGGGGAGCAAACAGGA
0	0	1	0	0139cabaf72dac1a2ed1ad8ef581e917	k__Bacteria;p__Firmicutes;c__Clostridia;o__Clostridiales;f__Lachnospiraceae;g__Lachnospiraceae_Genus;s__Lachnospiraceae_Species	GGGGAATATTGCACAATGGGGGAAACCCTGATGCAGCAACGCCGCGTGAGTGAGGAAGTATTTCGGTATGTAAAGCTCTATCAGCAGGGAATAGAAAAGAAGGTACCTGAAAAAGAAGCCCCGGCTAACTACGTGCCAGCAGCCGCGGTAATACGTAGGGGGCAAGCGTTATCCGGATTTACTGGGTGTAAAGGGAGCGTAGACGGAAAGGCAAGTCAGAAGTGAAAGCCCAAGGCTCAACCATGGGACTGCTTTTGAAACTGTCAAACTAGAGTACGGGAGAGGTAAGAGGAATTCCTAGTGTAGCGGTGAAATGCGTAGATATTAGGAGGAACACCAGTGGCGAAGGCGTCTTACTGGACCGAAACTGACGTTGAGGCTCGAAAGCGTGGGGAGCAAACAGGA
0	0	1	0	4f1fa3e6f85b740d8bc9e0bf0259aaef	k__Bacteria;p__Firmicutes;c__Clostridia;o__Clostridiales;f__Lachnospiraceae;g__Blautia;s__Blautia_glucerasea	GGGGAATATTGCACAATGGGGGAAACCCTGATGCAGCGACGCCGCGTGAAGGAAGAAGTATCTCGGTATGTAAACTTCTATCAGCAGGGAAGAAAACAGACGGTACCTGACTAAGAAGCCCCGGCTAACTACGTGCCAGCAGCCGCGGTAATACGTAGGGGGCAAGCGTTATCCGGATTTACTGGGTGTAAAGGGGGCGCAGACGGCCATGGCAAGCCCGGTGTGAAAGGCAGGGGCATAACCCCTGGACTGCACTGGGAACTGTCAGGCTGGAGTGCCGGAGGGGTAAGCGGAATTCCTGGTGTAGCGGTGAAATGCGTAGATATCAGGAGGAACACCGGCGGCGAAGGCGGCTTACTGGACGGCAACTGACGTTGAGGCCCGAAAGCGTGGGGAGCGAACAGGA
0	0	1	0	5191f2de325dc741d04892de19e2e2b2	k__Bacteria;p__Firmicutes;c__Clostridia;o__Clostridiales;f__Lachnospiraceae;g__A2;s__A2_species	GGGGGATATTGCACAATGGGGGGAACCCTGATGCAGCGACGCCGCGTGGGCGATGGAGTGCTTCGGCATGTAAAGCCCTATCAGCAGGGAAGAAAATGACGGTACCTGACTAAGAAGCCCCGGCTAAATACGTGCCAGCAGCCGCGGTAATACGTATGGGGCAAGCGTTATCCGGATTTACTGGGTGTAAAGGGAGCGTAGGCGGCCTGGCAAGCCTGATGTGAAATACCGGGGCCCAACCCCGGGGCTGCATTGGGAACTGCCAGGCTGGAGTGCCGGAGAGGCAGGCGGAATTCCTAGTGTAGCGGTGAAATGCGTAGATATTAGGAAGAACACCAGTGGCGAAGGCGGCCTGCTGGACGGTGACTGACGCTGAGGCTCGAAAGCGTGGGGAGCAAACAGGA
1	0	1	0	571ca27372844faa43b3ca781cde6e8e	k__Bacteria;p__Firmicutes;c__Clostridia;o__Clostridiales;f__Lachnospiraceae;g__Lachnoclostridium;s__Lachnoclostridium_[Clostridium]_aldenense	GGGGAATATTGCACAATGGGCGCAAGCCTGATGCAGCGACGCCGCGTGAGTGAAGAAGTATCTCGGTATGTAAAGCTCTATCAGCAGGGAAGAAAATGACGGTACCTGACTAAGAAGCCCCGGCTAACTACGTGCCAGCAGCCGCGGTAATACGTAGGGGGCAAGCGTTATCCGGATTTACTGGGTGTAAAGGGAGCGTAGACGGCGACGCAAGTCTGGAGTGAAAGCCCGGGGCCCAACCCCGGGACTGCTTTGGAAACTGTGTTGCTGGAGTGCAGGAGAGGTAAGTGGAATTCCTAGTGTAGCGGTGAAATGCGTAGATATTAGGAGGAACACCAGTGGCGAAGGCGGCTTACTGGACTGTAACTGACGTTGAGGCTCGAAAGCGTGGGGAGCAAACAGGA
0	0	1	0	22ad8a8714c9b53457e1860e3bd82e57	k__Bacteria;p__Firmicutes;c__Clostridia;o__Clostridiales;f__Ruminococcaceae;g__Ruminococcaceae_genus;s__Ruminococcaceae_species	GGGGAATATTGGGCAATGGGCGCAAGCCTGACCCAGCAACGCCGCGTGAAGGAAGAAGGCCCTCGGGTTGTAAACTTCTTTTCTATAGGACGAAGAAGTGACGGTACTATAGGAATAAGCCACGGCTAACTACGTGCCAGCAGCCGCGGTAATACGTAGGTGGCGAGCGTTATCCGGATTTACTGGGTGTAAAGGGCGTGTAGGCGGGAGAGCAAGTCAGATGTGAAAACTACAGGCTTAACCTGTAGCCTGCATTTGAAACTGTTCTTCTTGAGTGATGGAGAGGCAGGCGGAATTCCTAGTGTAGCGGTGAAATGCGTAGATATTAGGAGGAACACCAGTGGCGAAGGCGGCCTGCTGGACATTAACTGACGCTGAGGCGCGAAAGCGTGGGGAGCAAACAGGA
0	0	1	0	54d6a44a493c4b32048915305b5ce8a8	k__Bacteria;p__Firmicutes;c__Clostridia;o__Clostridiales;f__Lachnospiraceae;g__Lachnospiraceae UCG-001;s__Lachnospiraceae UCG-001_species	GGGGAATATTGCACAATGGGGGGAACCCTGATGCAGCAATGCCGCGTGGGTGAAGAAGTACCCCGGTATGTAAAGCCCTGTCAGCAGGGAAGAAAATGACGGTACCTGACTAAGAAGCCCCGGCTAACTACGTGCCAGCAGCCGCGGTAATACGTAGGGGGCGAGCGTTATCCGGATTTACTGGGTGTAAAGGGAGCGCAGGCGGCGTGGCAAGTCAGATGTGAAAACCCGGGGCCCAACCCCGGGACTGCATTTGAAACTGCCATGCTGGAGTGCCGGAGAGGCAAGTGGAATTCCTAGTGTAGCGGTGAAATGCGTAGATATTAGGAGGAACACCAGTGGCGGAGGCGGCTTGCTGGACGGTAACTGACGCTGAGGCTCGAAAGCGTGGGGAGCAAACAGGA
0	0	1	0	89e01a3216a5827c13d64560e390fa83	k__Bacteria;p__Firmicutes;c__Clostridia;o__Clostridiales;f__Ruminococcaceae;g__Ruminococcaceae_genus;s__Ruminococcaceae_species	GGGGGATATTGCACAATGGGGGGAACCCTGATGCAGCGACGCCGCGTGAGGGAAGAAGGTTTTCGGATTGTAAACCTCTGTCTTTGGTGACGAGAGTGACGGTAGCCAAGGAGGAAGCCACGGCTAACTACGTGCCAGCAGCCGCGGTAATACGTAGGTGGCAAGCGTTGTCCGGAATTACTGGGTGTAAAGGGAGCGTAGGCGGGAGATCAAGTTGGACGTTAAATTCATCGGCTCAACCGGTGCAAGCGTTCAAAACTGGTTTTCTTGAGTGGAGTAGAGGTAAGCGGAATTCCTAGTGTAGCGGTGAAATGCGTAAATATTAGGAGGAACACCAGTGGCGAAGGCGGCTTACTGGGCTTTAACTGACGCTGAGGCTCGAAAGCGTGGGTAGCAAACAGGA
1	0	1	0	421400e8da30d18a129be0c772c4e64b	k__Bacteria;p__Firmicutes;c__Clostridia;o__Clostridiales;f__Christensenellaceae;g__Christensenella;s__Christensenella_minuta	GGGGAATATTGGGCAATGGGGGAAACCCTGACCCAGCAACGCCGCGTGAGGGAAGAAGGCTTTCGGGTTGTAAACCTCTGTCCTTGGGGACGAAGTAAGTGACGGTACCCAAGGAGGAAGCTCCGGCTAACTACGTGCCAGCAGCCGCGGTAATACGTAGGGAGCAAGCGTTGTCCGGAATTACTGGGCGTAAAGGGTGCGTAGGCGGCCTGGTAAGTCAGATGTGAAATACCCGTGCTTAACATGGGGGGTGCATCTGATACTGTCAGGCTTGAGTGCAGGAGAGGAAAGCGGAATTCCTAGTGTAGCGGTGAAATGCATAGATATTAGGAGGAACACCAGTGGCGAAGGCGGCTTTCTGGACTGTAACTGACGCTGAGGCACGAAAGCGTGGGGAGCAAACAGGA
0	0	1	0	e7f22f009217b3cf15e873294f67615d	k__Bacteria;p__Firmicutes;c__Clostridia;o__Clostridiales;f__Lachnospiraceae;g__Lachnospiraceae UCG-001;s__Lachnospiraceae UCG-001_species	GGGGAATATTGCACAATGGGGGAAACCCTGATGCAGCGACGCCGCGTGAGTGAAGAAGTATTTCGGTATGTAAAGCTCTATCAGCAGGGAAGAAAATGACGGTACCTGACTAAGAAGCCCCGGCTAACTACGTGCCAGCAGCCGCGGTAATACGTAGGGGGCAAGCGTTATCCGGATTTACTGGGTGTAAAGGGAGCGTAGGTGGCATGGTAAGCCAGAAGTGAAAACCCAGGGCTCAACTCTGTGGATTGCTTTTGGAACTATCAAGCTAGAGTGCTGGAGGGGTAAGCGGAATTCCTAGTGTAGCGGTGAAATGCGTAGATATTAGGAGGAACACCGGTGGCGAAGGCGGCTTACTGGACAGAAACTGACACTGAGGCTCGAAAGCGTGGGGAGCAAACAGGA
0	0	1	0	b34b384a63bfb5ace405cd1f8422f5a8	k__Bacteria;p__Firmicutes;c__Clostridia;o__Clostridiales;f__Lachnospiraceae;g__Lachnospiraceae UCG-001;s__Lachnospiraceae UCG-001_species	GGGGAATATTGCACAATGGGGGGAACCCTGATGCAGCAATGCCGCGTGGGTGAAGAAGTATTTCGGTATGTAAAGCCCTGTCAGCAGGGAAGAAAATGACGGTACCTGACTAAGAAGCCCCGGCTAACTACGTGCCAGCAGCCGCGGTAATACGTAGGGGGCGAGCGTTATCCGGATTTACTGGGTGTAAAGGGAGCGCAGGCGGCGTGGCAAGTCAGATGTGAAAACCCGGGGCCCAACCCCGGGACTGCATTTGAAACTGCCATGCTGGAGTGCCGGAGAGGCAAGTGGAATTCCTAGTGTAGCGGTGAAATGCGTAGATATTAGGAGGAACACCAGTGGCGGAGGCGGCTTGCTGGACGGTAACTGACGCTGAGGCTCGAAAGCGTGGGGAGCAAACAGGA
1	0	1	0	42cb8a713ea4bccbe64f4d6988efc470	k__Bacteria;p__Proteobacteria;c__Gammaproteobacteria;o__Enterobacteriales;f__Enterobacteriaceae;g__Enterobacteriaceae_genus;s__Enterobacteriaceae_species	GGGGAATATTGCACAATGGGCGCAAGCCTGATGCAGCCATGCCGCGTGTGTGAAGAAGGCCTTCGGGTTGTAAAGCACTTTCAGCGGGGAGGAAGGCGTTAAGGTTAATAACCTTGGCGATTGACGTTACCCGCAGAAGAAGCACCGGCTAACTCCGTGCCAGCAGCCGCGGTAATACGGAGGGTGCAAGCGTTAATCGGAATTACTGGGCGTAAAGCGCACGCAGGCGGTCTGTCAAGTCGGATGTGAAATCCCCGGGCTCAACCTGGGAACTGCATTCGAAACTGGCAGGCTAGAGTCTTGTAGAGGGGGGTAGAATTCCAGGTGTAGCGGTGAAATGCGTAGAGATCTGGAGGAATACCGGTGGCGAAGGCGGCCCCCTGGACAAAGACTGACGCTCAGGTGCGAAAGCGTGGGGAGCAAACAGGA
0	0	1	0	5bb001a333c0f32d970e87da31b00997	k__Bacteria;p__Firmicutes;c__Clostridia;o__Clostridiales;f__Ruminococcaceae;g__Ruminiclostridium;s__Ruminiclostridium_leptum	GGGGGATATTGCACAATGGGGGAAACCCTGATGCAGCAACGCCGCGTGAGTGAAGAAGGTCTTCGGATTGTAAAGCTCTGTTCTTGGTGAAGATAATGACGGTAGCCAAGGAGAAAGCTCCGGCTAACTACGTGCCAGCAGCCGCGGTAATACGTAGGGAGCGAGCGTTGTCCGGATTTACTGGGTGTAAAGGGTGCGCAGGCGGCTCTGCAAGTCAGGCGTGAAAGCTAGGGGCTCAACCCCTAAACTGCGCTTGAAACTGTGGAGCTTGAGTGAAGTAGAGGCAGGCGGAATTCCCGGTGTAGCGGTGAAATGCGTAGAGATCGGGAGGAACACCAGTGGCGAAGGCGGCCTGCTGGGCTTTAACTGACGCTCAGGCACGAAAGCATGGGTAGCAAACAGGA
0	0	1	0	cde18a9ea608c89f02a585805ba679c2	k__Bacteria;p__Firmicutes;c__Clostridia;o__Clostridiales;f__Ruminococcaceae;g__Ruminococcaceae_genus;s__Ruminococcaceae_species	GGGGAATATTGGGCAATGGGCGCAAGCCTGACCCAGCAACGCCGCGTGAAGGAAGAAGGCTTTCGGGCTGTAAACTTCTTTTATGAGGGACGAAGGAAGTGACGGTACCTCATGAATAAGCCACGGCTAACTACGTGCCAGCAGCCGCGGTAATACGTAGGTGGCGAGCGTTATCCGGATTTACTGGGTGTAAAGGGCGTGTAGGCGGGATTGCAAGTCAGATGTGAAAACTATGGGCTCAACCCATAGCCTGCATTTGAAACTGTAGTTCTTGAGTGCTGGAGAGGCAATCGGAATTCCGTGTGTAGCGGTGAAATGCGTAGATATACGGAGGAACACCAGTGGCGAAGGCGGATTGCTGGACAGTAACTGACGCTGAGGCGCGAAAGCGTGGGGAGCAAACAGGA
0	0	1	0	57bd5689c2ec03607455d967b5633bf6	k__Bacteria;p__Firmicutes;c__Clostridia;o__Clostridiales;f__Ruminococcaceae;g__Ruminococcaceae_genus;s__Ruminococcaceae_species	GGGGGATATTGCACAATGGGCGCAAGCCTGATGCAGCGACGCCGCGTGTGGGAAGACGGTCCTCGGATTGTAAACCACTGGCTTTGGGGACGATAATGACGGTACCCAAGGAGGAAGCTCCGGCTAACTACGTGCCAGCAGCCGCGGTAATACGTAGGGAGCGAGCGTTGTCCGGAATTACTGGGTGTAAAGGGAGCGTAGGCGGGATATCAAGTTGAATGTGAAATCTACCGGCTCAACTGGTAGGCTGCGTTCAAAACTGATATTCTTGAGTGAAGTAGAGGTTGGCGGAATTCCTAGTGTAGCGGTGAAATGCGTAGATATTAGGAGGAACACCAGTGGCGAAGGCGGTCAACTGGGCTTTTACTGACGCTGAGGCTCGAAAGCGTGGGGAGCAAACAGGA
0	0	1	0	639f25437bea48d6f78ce62da5405e8e	k__Bacteria;p__Firmicutes;c__Clostridia;o__Clostridiales;f__Ruminococcaceae;g__Ruminococcaceae_genus;s__Ruminococcaceae_species	GGGGAATATTGGGCAATGGGCGCAAGCCTGACCCAGCAACGCCGCGTGAAGGAAGAAGGCTTTCGGGTTGTAAACTTCTTTTATGAGGGACGAATAAAGTGACGGTACCTCATGAATAAGCCACGGCTAACTACGTGCCAGCAGCCGCGGTAATACGTAGGTGGCAAGCGTTATCCGGATTTACTGGGTGTAAAGGGCGTGTAGGCGGGAATGCAAGTCAGATGTGAAAACTATGGGCTCAACTCATAGCCTGCATTTGAAACTGTATTTCTTGAGTGATGGAGAGGCAGGCGGAATTCCGTGTGTAGCGGTGAAATGCGTAGATATACGGAGGAACACCAGTGGCGAAGGCGGCCTGCTGGACATTAACTGACGCTGAGGCGCGAAAGCGTGGGGAGCAAACAGGA
0	0	1	0	9b2055d9c43f7539761eb8e60bed9775	k__Bacteria;p__Bacteria_phylum;c__Bacteria_class;o__Bacteria_order;f__Bacteria_family;g__Bacteria_genus;s__Bacteria_species	GAGGAATATTGGTCAATGGACGAGAGTCTGAACCAGCCAAGTAGCGTGAAGGATGACTGCCCTATGGGTTGTAAACTTCTTTTATATGGGAATAAAACGTTCCACGTGTGGGATTTTGTATGTACCATATGAATAAGGATCGGCTAACTCCGTGCCAGCAGCCGCGGTAATACGTAGGGGGCAAGCGTTATCCGGATTTACTGGGTGTAAAGGGAGCGTAGACGGTAATGTAAGTCTGGAGTGAAAGGCGGGGGCCCAACCCCCGGACTGCTCTGGAAACTATGTTACTGGAGTGCAGGAGAGGTAAGCGGAATTCCTAGTGTAGCGGTGAAATGCGTAGATATTAGGAGGAACACCAGTGGCGAAGGCGGCTTACTGGACTGTAACTGACGTTGAGGCTCGAAAGCGTGGGGAGCAAACAGGA
1	1	0	0	1a7f98473afa81b180af6085c63e5851	k__Bacteria;p__Firmicutes;c__Bacilli;o__Lactobacillales;f__Lactobacillaceae;g__Lactobacillus;s__Lactobacillus_gasseri	AGGGAATCTTCCACAATGGACGCAAGTCTGATGGAGCAACGCCGCGTGAGTGAAGAAGGGTTTCGGCTCGTAAAGCTCTGTTGGTAGTGAAGAAAGATAGAGGTAGTAACTGGCCTTTATTTGACGGTAATTACCTAGAAAGTCACGGCTAACTACGTGCCAGCAGCCGCGGTAATACGTAGGTGGCAAGCGTTGTCCGGATTTATTGGGCGTAAAGCGAGTGCAGGCGGTTCAATAAGTCTGATGTGAAAGCCTTCGGCTCAACCGGAGAATTGCATCAGAAACTGTTGAACTTGAGTGCAGAAGAGGAGAGTGGAACTCCATGTGTAGCGGTGGAATGCGTAGATATATGGAAGAACACCAGTGGCGAAGGCGGCTCTCTGGTCTGCAACTGACGCTGAGGCTCGAAAGCATGGGTAGCGAACAGGA
1	1	0	0	2c031031c8f03a7ba3567b7e9d3f65ed	k__Bacteria;p__Firmicutes;c__Bacilli;o__Lactobacillales;f__Lactobacillaceae;g__Lactobacillus;s__Lactobacillus_species	AGGGAATCTTCCACAATGGGCGCAAGCCTGATGGAGCAACACCGCGTGAGTGAAGAAGGGTTTCGGCTCGTAAAGCTCTGTTGTTGGAGAAGAACGTGCGTGAGAGTAACTGTTCATGCAGTGACGGTATCCAACCAGAAAGTCACGGCTAACTACGTGCCAGCAGCCGCGGTAATACGTAGGTGGCAAGCGTTATCCGGATTTATTGGGCGTAAAGCGAGCGCAGGCGGTTGCTTAGGTCTGATGTGAAAGCCTTCGGCTTAACCGAAGAAGTGCATCGGAAACCGGGCGACTTGAGTGCAGAAGAGGACAGTGGAACTCCATGTGTAGCGGTGGAATGCGTAGATATATGGAAGAACACCAGTGGCGAAGGCGGCTGTCTGGTCTGCAACTGACGCTGAGGCTCGAAAGCATGGGTAGCGAACAGGA
1	1	0	0	93678d3e4c7bef07c2474c1e7165d960	k__Bacteria;p__Firmicutes;c__Bacilli;o__Lactobacillales;f__Lactobacillaceae;g__Lactobacillus;s__Lactobacillus_species	AGGGAATCTTCCACAATGGGCGCAAGCCTGATGGAGCAACACCGCGTGAGTGAAGAAGGGTTTCGGCTCGTAAAGCTCTGTTGTTGGAGAAGAACGTGCGTGAGAGTAACTGTTCACGCAGTGACGGTATCCAACCAGAAAGTCACGGCTAACTACGTGCCAGCAGCCGCGGTAATACGTAGGTGGCAAGCGTTATCCGGATTTATTGGGCGTAAAGCGAGCGCAGGCGGTTGCTTAGGTCTGATGTGAAAGCCTTCGGCTTAACCGAAGAAGTGCATCGGAAACCGGGCGACTTGAGTGCAGAAGAGGACAGTGGAACTCCATGTGTAGCGGTGGAATGCGTAGATATATGGAAGAACACCAGTGGCGAAGGCGGCTGTCTGGTCTGCAACTGACGCTGAGGCTCGAAAGCATGGGTAGCGAACAGGA
1	1	0	0	045430f29f6e1a5b31b396c24f24cf09	k__Bacteria;p__Firmicutes;c__Bacilli;o__Lactobacillales;f__Lactobacillaceae;g__Lactobacillus;s__Lactobacillus_species	AGGGAATCTTCCACAATGGGCGCAAGCCTGATGGAGCAACACCGCGTGAGTGAAGAAGGGTTTCGGCTCGTAAAGCTCTGTTGTTGGAGAAGAACGTGCGTGAGAGTAACTGTTCACGCAGTGACGGTATCCAACCAGAAAGTCACGGCTAACTACGTGCCAGCAGCCGCGGTAATACGTAGGTGGCAAGCGTTATCCGGATTTATTGGGCGTAAAGCGAGCGCAGGCGGTTGCTTAGGTCTGATGTGAAAGCCTTCGGCTTAACCGGAGAAGTGCATCGGAAACCGGGCGACTTGAGTGCAGAAGAGGACAGTGGAACTCCATGTGTAGCGGTGGAATGCGTAGATATATGGAAGAACACCAGTGGCGAAGGCGGCTGTCTGGTCTGCAACTGACGCTGAGGCTCGAAAGCATGGGTAGCGAACAGGA
1	1	0	0	e9045cdb058afeb7bed8cc29877b9cd7	k__Bacteria;p__Firmicutes;c__Bacilli;o__Lactobacillales;f__Lactobacillaceae;g__Lactobacillus;s__Lactobacillus_species	AGGGAATCTTCCACAATGGGCGCAAGCCTGATGGAGCAACACCGCGTGAGTGAAGAAGGGTTTAGGCTCGTAAAGCTCTGTTGTTGGAGAAGAACGTGCGTGAGAGTAACTGTTCATGCAGTGACGGTATCCAACCAGAAAGTCACGGCTAACTACGTGCCAGCAGCCGCGGTAATACGTAGGTGGCAAGCGTTATCCGGATTTATTGGGCGTAAAGCGAGCGCAGGCGGTTGCTTAGGTCTGATGTGAAAGCCTTCGGCTTAACCGAAGAAGTGCATCGGAAACCGGGCGACTTGAGTGCAGAAGAGGACAGTGGAACTCCATGTGTAGCGGTGGAATGCGTAGATATATGGAAGAACACCAGTGGCGAAGGCGGCTGTCTGGTCTGCAACTGACGCTGAGGCTCGAAAGCATGGGTAGCGAACAGGA
1	1	0	0	ad74521a57e4eaaed64a1cef850e942a	k__Bacteria;p__Firmicutes;c__Bacilli;o__Lactobacillales;f__Lactobacillaceae;g__Lactobacillus;s__Lactobacillus_species	AGGGAATCTTCCACAATGGGCGCAAGCCTGATGGAGCAACACCGCGTGAGTGAAGAAGGGTTTCGGCTCGTAAAGCTCTGTTGTTGGAGAAGAACGTGCGTGAGAGTAACTGTTCACGCAGTGACGGTATCCAACCAGAAAGTCACGGCTAACTACGTGCCAGCAGCCGCGGTAATACGTAGGTGGCAAGCGTTATCCGGATTTATTGGGCGTAAAGCGAGCGCAGGCGGTTGCTTAGGTCTGATGTGAAAGCCTTCGGCTTAACCGAAGAAGTGCATCGGAAACCGGGCGACTTGAGTGTAGAAGAGGACAGTGGAACTCCATGTGTAGCGGTGGAATGCGTAGATATATGGAAGAACACCAGTGGCGAAGGCGGCTGTCTGGTCTGCAACTGACGCTGAGGCTCGAAAGCATGGGTAGCGAACAGGA
1	1	0	0	d44ceabaec12a11f0208e159595cb575	k__Bacteria;p__Firmicutes;c__Bacilli;o__Lactobacillales;f__Lactobacillaceae;g__Lactobacillus;s__Lactobacillus_species	AGGGAATCTTCCACAATGGACGCAAGTCTGATGGAGCAACGCCGCGTGAGTGAAGAAGGTTTTCGGCTCGTAAAGCTCTGTTGGTAGTGAAGAAAGATAGAGGTAGTAACTGGCCTTTATTTGACGGTAATTACCTAGAAAGTCACGGCTAACTACGTGCCAGCAGCCGCGGTAATACGTAGGTGGCAAGCGTTGTCCGGATTTATTGGGCGTAAAGCGAGTGCAGGCGGTTCAATAAGTCTGATGTGAAAGCCTTCGGCTCAACCGGAGAATTGCATCAGAAACTGTTGAACTTGAGTGCAGAAGAGGAGAGTGGAACTCCATGTGTAGCGGTGGAATGCGTAGATATATGGAAGAACACCAGTGGCGAAGGCGGCTCTCTGGTCTGCAACTGACGCTGAGGCTCGAAAGCATGGGTAGCGAACAGGA
0	1	0	0	5f00dbf738a09894c0a0f9510e5fd2d4	k__Bacteria;p__Bacteroidetes;c__Bacteroidia;o__Bacteroidales;f__Porphyromonadaceae;g__Barnesiella;s__Barnesiella_intestinihominis	GAGGAATATTGGTCAATGGCCGAGAGGCTGAACCAGCCAAGTCGCGTGAGGGATGACGGCCCTACGGGTTGTAAACCTCTTTTGTCGGGGAGCAAAGGGAGTCACGTGTGACTCATTGAGAGTACCCGAAGAAAAAGCATCGGCTAACTCCGTGCCAGCAGCCGCGGTAATACGGAGGATGCGAGCGTTATCCGGATTTATTGGGTTTAAAGGGTGCGCAGGCGGAGGTGCAAGTCAGCGGTCAAATTGCGGGGCTCAACCCCGTACTGCCGTTGAAACTGCATCCCTTGAGTGCGCGAGAAGTATGCGGAATGCGTGGTGTAGCGGTGAAATGCATAGATATCACGCAGAACTCCGATTGCGAAGGCAGCATACCGGCGCGCAACTGACGCTCATGCACGAAAGCGTGGGTATCGAACAGGA
1	0	0	0	1b2586fd024f9faad49d349b7657c7ed	k__Bacteria;p__Proteobacteria;c__Gammaproteobacteria;o__Enterobacteriales;f__Enterobacteriaceae;g__Enterobacteriaceae_genus;s__Enterobacteriaceae_species	GGGGAATATTGCACAATGGGCGCAAGCCTGATGCAGCCATGCCGCGTGTGTGAAGAAGGCCTTCGGGTTGTAAAGCACTTTCAGCGGGGAGGAAGGCGGTGAGGTTAATAACCTCACCGATTGACGTTACCCGCAGAAGAAGCACCGGCTAACTCCGTGCCAGCAGCCGCGGTAATACGGAGGGTGCAAGCGTTAATCGGAATTACTGGGCGTAAAGCGCACGCAGGCGGTCTGTCAAGTCGGATGTGAAATCCCCGGGCTCAACCTGGGAACTGCATTCGAAACTGGCAGGCTAGAGTCTTGTAGAGGGGGGTAGAATTCCAGGTGTAGCGGTGAAATGCGTAGAGATCTGGAGGAATACCGGTGGCGAAGGCGGCCCCCTGGACAAAGACTGACGCTCAGGTGCGAAAGCGTGGGGAGCAAACAGGA
